# Blender 5.0.1
# www.blender.org
mtllib partner.mtl
o partner
v -1.757825 3.577872 -0.000000
v -1.727064 3.599575 -0.000000
v -1.727064 3.599575 -0.113437
v -1.757825 3.577872 -0.113437
v -2.085547 1.871822 -0.113437
v -1.306998 3.254286 -0.113437
v -1.098433 3.323312 -0.113437
v -1.086693 3.263737 -0.113437
v -1.085185 3.205311 -0.113437
v -1.103272 3.150365 -0.113437
v -1.134033 3.095419 -0.113437
v -1.164793 3.040474 -0.113437
v -1.622425 3.423763 -0.113437
v -2.400974 2.041299 -0.113437
v -1.195553 2.985528 -0.113437
v -1.788585 3.550513 -0.113437
v -1.257074 2.875637 -0.113437
v -1.804442 3.535106 -0.113437
v -1.318594 2.765746 -0.113437
v -1.833681 3.480160 -0.113437
v -1.380115 2.655854 -0.113437
v -1.864442 3.425215 -0.113437
v -1.441635 2.545963 -0.113437
v -1.895202 3.370269 -0.113437
v -1.503156 2.436072 -0.113437
v -1.925962 3.315323 -0.113437
v -1.564676 2.326181 -0.113437
v -1.956722 3.260378 -0.113437
v -1.626197 2.216290 -0.113437
v -1.987404 3.205573 -0.113437
v -1.687717 2.106399 -0.113437
v -2.018085 3.150768 -0.113437
v -1.749238 1.996507 -0.113437
v -2.048924 3.095682 -0.113437
v -1.779998 1.941562 -0.113437
v -2.079763 3.040595 -0.113437
v -1.810758 1.886616 -0.113437
v -2.110524 2.985650 -0.113437
v -1.841519 1.831670 -0.113437
v -2.141284 2.930704 -0.113437
v -1.872279 1.776725 -0.113437
v -2.172044 2.875759 -0.113437
v -1.912146 1.724527 -0.113437
v -2.202805 2.820813 -0.113437
v -1.964214 1.682041 -0.113437
v -2.006532 1.661160 -0.113437
v -2.048241 1.653661 -0.113437
v -2.070732 1.646684 -0.113437
v -2.108917 1.646642 -0.113437
v -2.233565 2.765867 -0.113437
v -2.129584 1.644410 -0.113437
v -2.174338 1.653128 -0.113437
v -2.219093 1.677174 -0.113437
v -2.263847 1.701220 -0.113437
v -2.308602 1.725267 -0.113437
v -2.353356 1.749313 -0.113437
v -2.264325 2.710922 -0.113437
v -2.295085 2.655976 -0.113437
v -2.395762 1.772097 -0.113437
v -2.442865 1.797405 -0.113437
v -2.325845 2.601031 -0.113437
v -2.354918 2.549100 -0.113437
v -2.481460 1.821452 -0.113437
v -2.513893 1.848138 -0.113437
v -2.549847 1.883625 -0.113437
v -2.574361 1.917880 -0.113437
v -2.582153 1.933478 -0.113437
v -2.584665 1.943796 -0.113437
v -2.597203 1.974452 -0.113437
v -2.599181 2.051575 -0.113437
v -2.599047 2.106520 -0.113437
v -2.574847 2.161466 -0.113437
v -2.545912 2.216411 -0.113437
v -2.513692 2.271357 -0.113437
v -2.481472 2.326303 -0.113437
v -2.448886 2.381248 -0.113437
v -2.387366 2.491139 -0.113437
v -2.416357 2.439355 -0.113437
v -1.326712 3.264879 -0.113437
v -1.106437 3.346091 -0.113437
v -1.086693 3.263737 0.056718
v -1.098433 3.323312 0.056718
v -1.098433 3.323312 0.113437
v -1.086693 3.263737 0.113437
v -1.622425 3.423763 0.113437
v -1.727064 3.599575 0.113437
v -1.757825 3.577872 0.113437
v -1.788585 3.550513 0.113437
v -1.804442 3.535106 0.113437
v -1.833681 3.480160 0.113437
v -2.400974 2.041299 0.113437
v -1.306998 3.254286 0.113437
v -2.085547 1.871822 0.113437
v -1.864442 3.425215 0.113437
v -1.085185 3.205311 0.113437
v -1.895202 3.370269 0.113437
v -1.103272 3.150365 0.113437
v -1.925962 3.315323 0.113437
v -1.134033 3.095419 0.113437
v -1.956722 3.260378 0.113437
v -1.164793 3.040474 0.113437
v -1.987404 3.205573 0.113437
v -1.195553 2.985528 0.113437
v -2.018085 3.150768 0.113437
v -1.257074 2.875637 0.113437
v -2.048924 3.095682 0.113437
v -1.318594 2.765746 0.113437
v -2.079763 3.040595 0.113437
v -1.380115 2.655854 0.113437
v -2.110524 2.985650 0.113437
v -1.441635 2.545963 0.113437
v -2.141284 2.930704 0.113437
v -1.503156 2.436072 0.113437
v -2.172044 2.875759 0.113437
v -1.564676 2.326181 0.113437
v -2.202805 2.820813 0.113437
v -1.626197 2.216290 0.113437
v -2.233565 2.765867 0.113437
v -1.687717 2.106399 0.113437
v -2.264325 2.710922 0.113437
v -1.749238 1.996507 0.113437
v -2.295085 2.655976 0.113437
v -1.779998 1.941562 0.113437
v -2.325845 2.601031 0.113437
v -1.810758 1.886616 0.113437
v -2.354918 2.549100 0.113437
v -1.841519 1.831670 0.113437
v -2.387366 2.491139 0.113437
v -1.872279 1.776725 0.113437
v -2.416357 2.439355 0.113437
v -1.912146 1.724527 0.113437
v -2.448886 2.381248 0.113437
v -2.006532 1.661160 0.113437
v -1.964214 1.682041 0.113437
v -2.108917 1.646642 0.113437
v -2.070732 1.646684 0.113437
v -2.048241 1.653661 0.113437
v -2.481472 2.326303 0.113437
v -2.129584 1.644410 0.113437
v -2.219093 1.677174 0.113437
v -2.174338 1.653128 0.113437
v -2.263847 1.701220 0.113437
v -2.513692 2.271357 0.113437
v -2.545912 2.216411 0.113437
v -2.574847 2.161466 0.113437
v -2.599047 2.106520 0.113437
v -2.599181 2.051575 0.113437
v -2.597203 1.974452 0.113437
v -2.584665 1.943796 0.113437
v -2.582153 1.933478 0.113437
v -2.574361 1.917880 0.113437
v -2.549847 1.883625 0.113437
v -2.513893 1.848138 0.113437
v -2.481460 1.821452 0.113437
v -2.442865 1.797405 0.113437
v -2.395762 1.772097 0.113437
v -2.353356 1.749313 0.113437
v -2.308602 1.725267 0.113437
v -1.602711 3.413171 0.113437
v -1.682310 3.619024 0.113437
v -2.070732 1.646684 0.056718
v -2.048241 1.653661 0.056718
v -1.682310 3.619024 0.056718
v -1.727064 3.599575 0.056718
v -1.326712 3.264879 0.113437
v -1.564676 2.326181 0.056718
v -1.503156 2.436072 0.056718
v -1.779998 1.941562 0.056718
v -1.749238 1.996507 0.056718
v -1.687717 2.106399 0.056718
v -1.626197 2.216290 0.056718
v -1.912146 1.724527 0.056718
v -1.872279 1.776725 0.056718
v -2.006532 1.661160 0.056718
v -1.964214 1.682041 0.056718
v -1.841519 1.831670 0.056718
v -1.810758 1.886616 0.056718
v -1.318594 2.765746 0.056718
v -1.257074 2.875637 0.056718
v -1.441635 2.545963 0.056718
v -1.380115 2.655854 0.056718
v -1.441635 2.545963 -0.000000
v -1.503156 2.436072 -0.000000
v -1.380115 2.655854 -0.000000
v -1.257074 2.875637 -0.000000
v -1.318594 2.765746 -0.000000
v -2.006532 1.661160 -0.000000
v -2.048241 1.653661 -0.000000
v -1.564676 2.326181 -0.000000
v -1.626197 2.216290 -0.000000
v -1.687717 2.106399 -0.000000
v -1.749238 1.996507 -0.000000
v -1.810758 1.886616 -0.000000
v -1.841519 1.831670 -0.000000
v -1.964214 1.682041 -0.000000
v -1.872279 1.776725 -0.000000
v -1.912146 1.724527 -0.000000
v -1.779998 1.941562 -0.000000
v -1.682310 3.619024 -0.113437
v -1.682310 3.619024 -0.000000
v -2.070732 1.646684 -0.000000
v -1.098433 3.323312 -0.000000
v -1.086693 3.263737 -0.000000
v -1.757825 3.577872 0.056718
v -1.134033 3.095419 -0.000000
v -1.164793 3.040474 -0.000000
v -1.164793 3.040474 0.056718
v -1.134033 3.095419 0.056718
v -1.195553 2.985528 0.056718
v -1.195553 2.985528 -0.000000
v -1.085185 3.205311 -0.000000
v -1.103272 3.150365 -0.000000
v -1.103272 3.150365 0.056718
v -1.085185 3.205311 0.056718
v -2.353356 1.749313 -0.000000
v -2.395762 1.772097 -0.000000
v -2.395762 1.772097 0.056718
v -2.353356 1.749313 0.056718
v -2.174338 1.653128 -0.000000
v -2.219093 1.677174 -0.000000
v -2.219093 1.677174 0.056718
v -2.174338 1.653128 0.056718
v -2.308602 1.725267 0.056718
v -2.263847 1.701220 0.056718
v -2.263847 1.701220 -0.000000
v -2.308602 1.725267 -0.000000
v -2.108917 1.646642 -0.000000
v -2.129583 1.644410 -0.000000
v -2.129584 1.644410 0.056718
v -2.108917 1.646642 0.056718
v -2.549847 1.883625 0.056718
v -2.513893 1.848138 0.056718
v -2.513893 1.848138 -0.000000
v -2.549847 1.883625 -0.000000
v -2.481460 1.821452 0.056718
v -2.442865 1.797405 0.056718
v -2.442865 1.797405 -0.000000
v -2.481460 1.821452 -0.000000
v -2.574361 1.917880 -0.000000
v -2.582153 1.933478 -0.000000
v -2.582153 1.933478 0.056718
v -2.574361 1.917880 0.056718
v -2.584665 1.943796 0.056718
v -2.584665 1.943796 -0.000000
v -2.233565 2.765867 0.056718
v -2.202804 2.820813 0.056718
v -2.202804 2.820813 -0.000000
v -2.233565 2.765867 -0.000000
v -2.481472 2.326303 -0.000000
v -2.448886 2.381248 -0.000000
v -2.481472 2.326303 0.056718
v -2.448886 2.381248 0.056718
v -2.354918 2.549100 -0.000000
v -2.325845 2.601031 -0.000000
v -2.354918 2.549100 0.056718
v -2.325845 2.601031 0.056718
v -2.416357 2.439355 0.056718
v -2.387366 2.491139 0.056718
v -2.387366 2.491139 -0.000000
v -2.416357 2.439355 -0.000000
v -2.295085 2.655976 -0.000000
v -2.264325 2.710922 -0.000000
v -2.295085 2.655976 0.056718
v -2.264325 2.710922 0.056718
v -2.599047 2.106520 0.056718
v -2.574847 2.161466 0.056718
v -2.574847 2.161466 -0.000000
v -2.599047 2.106520 -0.000000
v -2.545912 2.216411 0.056718
v -2.513692 2.271357 0.056718
v -2.513692 2.271357 -0.000000
v -2.545912 2.216411 -0.000000
v -2.597203 1.974452 -0.000000
v -2.599181 2.051575 -0.000000
v -2.597203 1.974452 0.056718
v -2.599181 2.051575 0.056718
v -1.987404 3.205573 0.056718
v -1.956722 3.260378 0.056718
v -1.956722 3.260378 -0.000000
v -1.987404 3.205573 -0.000000
v -1.864442 3.425215 0.056718
v -1.833681 3.480160 0.056718
v -1.833681 3.480160 -0.000000
v -1.864442 3.425215 -0.000000
v -1.925962 3.315323 -0.000000
v -1.895202 3.370269 -0.000000
v -1.925962 3.315323 0.056718
v -1.895202 3.370269 0.056718
v -2.079763 3.040596 0.056718
v -2.110524 2.985650 0.056718
v -2.110524 2.985650 -0.000000
v -2.079763 3.040596 -0.000000
v -2.018085 3.150768 0.056718
v -2.048924 3.095682 0.056718
v -2.048924 3.095682 -0.000000
v -2.018085 3.150768 -0.000000
v -2.172044 2.875759 0.056718
v -2.141284 2.930704 0.056718
v -2.141284 2.930704 -0.000000
v -2.172044 2.875759 -0.000000
v -1.788585 3.550513 0.056718
v -1.804442 3.535106 0.056718
v -1.788585 3.550513 -0.000000
v -1.804442 3.535106 -0.000000
v -1.324274 3.509378 -0.000000
v -1.369028 3.533425 -0.000000
v -1.369028 3.533425 0.056718
v -1.324274 3.509378 0.056718
v -1.324274 3.509378 -0.113437
v -1.369028 3.533425 -0.113437
v -1.484426 3.349617 -0.113437
v -1.464712 3.339025 -0.113437
v -1.464712 3.339025 0.113437
v -1.484426 3.349617 0.113437
v -1.369028 3.533425 0.113437
v -1.324274 3.509378 0.113437
v -1.444998 3.328432 0.113437
v -1.413783 3.557471 -0.113437
v -1.563283 3.391986 -0.113437
v -1.592801 3.630845 -0.113437
v -1.548046 3.628554 -0.113437
v -1.543568 3.381394 -0.113437
v -1.543568 3.381394 0.113437
v -1.563283 3.391986 0.113437
v -1.503292 3.605564 -0.000000
v -1.548046 3.628554 -0.000000
v -1.548046 3.628554 0.056718
v -1.503292 3.605564 0.056718
v -1.503292 3.604507 -0.113437
v -1.548046 3.629610 0.113437
v -1.503292 3.605564 0.113437
v -1.523854 3.370801 0.113437
v -1.413783 3.557471 0.113437
v -1.458537 3.581517 0.113437
v -1.504140 3.360209 0.113437
v -1.413783 3.557471 0.056718
v -1.458537 3.581517 0.056718
v -1.458537 3.581517 -0.113437
v -1.458537 3.581517 -0.000000
v -1.413783 3.557471 -0.000000
v -1.523854 3.369746 -0.113437
v -1.504140 3.360209 -0.113437
v -1.602711 3.413171 -0.113437
v -1.582997 3.402578 -0.113437
v -1.582997 3.402578 0.113437
v -1.637555 3.630180 -0.113437
v -1.592801 3.630845 -0.000000
v -1.637555 3.630180 -0.000000
v -1.637555 3.630180 0.056718
v -1.592801 3.630845 0.056718
v -1.637555 3.630180 0.113437
v -1.592801 3.630845 0.113437
v -1.366141 3.286063 0.113437
v -1.154126 3.405589 0.113437
v -1.190010 3.437239 0.113437
v -1.385855 3.296656 0.113437
v -1.154126 3.405589 0.056718
v -1.190010 3.437239 0.056718
v -1.154126 3.405589 -0.113437
v -1.190010 3.437239 -0.113437
v -1.190010 3.437239 -0.000000
v -1.154126 3.405589 -0.000000
v -1.405569 3.307248 -0.113437
v -1.385855 3.296656 -0.113437
v -1.405569 3.307248 0.113437
v -1.234764 3.461286 -0.113437
v -1.444998 3.328432 -0.113437
v -1.279519 3.485332 -0.113437
v -1.425283 3.317840 -0.113437
v -1.425283 3.317840 0.113437
v -1.234764 3.461286 0.113437
v -1.279519 3.485332 0.113437
v -1.234764 3.461286 0.056718
v -1.279519 3.485332 0.056718
v -1.279519 3.485332 -0.000000
v -1.234764 3.461286 -0.000000
v -1.106437 3.346091 -0.000000
v -1.127958 3.378586 -0.000000
v -1.127958 3.378586 0.056718
v -1.106437 3.346091 0.056718
v -1.127958 3.378586 -0.113437
v -1.127958 3.378586 0.113437
v -1.106437 3.346091 0.113437
v -1.346427 3.275471 0.113437
v -1.366141 3.286063 -0.113437
v -1.346427 3.275471 -0.113437
v -1.199956 2.948435 0.096415
v -1.140431 3.131849 0.096415
v -1.140431 3.131849 -0.096415
v -1.199956 2.948435 -0.096415
v -0.957018 3.072324 -0.096415
v -1.016543 2.888910 -0.096415
v -0.957018 3.072324 0.096415
v -0.871678 3.044627 0.096415
v -0.871678 3.044627 -0.096415
v -1.016543 2.888910 0.096415
v -0.931203 2.861214 0.096415
v -0.737790 2.880252 0.096415
v -0.733693 2.922142 0.096415
v -0.931203 2.861214 -0.096415
v -0.737790 2.880252 -0.096415
v -0.733693 2.922142 -0.096415
v -0.884580 2.702993 -0.096415
v -0.884580 2.702993 0.096415
v -0.670464 2.974833 -0.096415
v -0.670464 2.974833 0.096415
v -0.808448 3.097319 0.096415
v -0.613568 3.015744 0.096415
v -0.751553 3.138230 0.096415
v -0.808448 3.097319 -0.096415
v -0.613568 3.015744 -0.096415
v -0.751553 3.138230 -0.096415
v -0.566782 3.178565 -0.096415
v -0.552831 2.994587 -0.096415
v -0.566782 3.178565 0.096415
v -0.552831 2.994587 0.096415
v 0.044171 3.039860 0.096415
v 0.030219 3.223838 0.096415
v 0.030219 3.223838 -0.096415
v 0.074545 3.227200 0.096415
v 0.074545 3.227200 -0.096415
v 0.044171 3.039860 -0.096415
v 0.088497 3.043221 -0.096415
v 0.670773 3.043487 -0.096415
v 0.609860 2.869326 -0.096415
v 0.088497 3.043221 0.096415
v 0.670773 3.043487 0.096415
v 0.609860 2.869326 0.096415
v 0.656901 2.845750 0.096415
v 0.717814 3.034158 0.096415
v 0.656901 2.845750 -0.096415
v 0.717814 3.034158 -0.096415
v 0.952843 3.123507 -0.096415
v 0.996413 2.944218 -0.096415
v 0.952843 3.123507 0.096415
v 0.996413 2.944218 0.096415
v -0.711944 2.792256 -0.096415
v -0.662098 2.724459 -0.096415
v -0.764950 2.559558 -0.096415
v -0.711944 2.792256 0.096415
v -0.662098 2.724459 0.096415
v -0.544519 2.652585 0.096415
v -0.544519 2.652585 -0.096415
v -0.764950 2.559558 0.096415
v -0.532347 2.458618 0.096415
v -0.053818 2.488647 0.096415
v -0.065990 2.682613 0.096415
v -0.532347 2.458618 -0.096415
v -0.053818 2.488647 -0.096415
v -0.065990 2.682613 -0.096415
v 0.030535 2.688671 -0.096415
v 0.042707 2.494704 -0.096415
v 0.030535 2.688671 0.096415
v 0.042707 2.494704 0.096415
v 0.114845 2.458058 0.096415
v 0.187410 2.638351 0.096415
v 0.236597 2.401277 0.096415
v 0.360213 2.551245 0.096415
v 0.114845 2.458058 -0.096415
v 0.187410 2.638351 -0.096415
v 0.236597 2.401277 -0.096415
v 0.360213 2.551245 -0.096415
v 1.328049 1.820127 -0.096415
v 1.204433 1.670159 -0.096415
v 1.328049 1.820127 0.096415
v 1.204433 1.670159 0.096415
v 1.354727 1.546274 0.096415
v 1.478343 1.696242 0.096415
v 1.354727 1.546274 -0.096415
v 1.365120 1.522081 -0.096415
v 1.365120 1.522081 0.096415
v 1.478343 1.696242 -0.096415
v 1.394289 1.900487 -0.096415
v 1.544582 1.776602 -0.096415
v 1.466661 1.947791 -0.096415
v 1.593015 1.799567 -0.096415
v 1.544582 1.776602 0.096415
v 1.394289 1.900487 0.096415
v 1.466661 1.947791 0.096415
v 1.593015 1.799567 0.096415
v 1.651718 1.836307 0.096415
v 1.525363 1.984531 0.096415
v 1.525363 1.984531 -0.096415
v 1.651718 1.836307 -0.096415
v 1.555240 1.562398 -0.096415
v 1.554327 1.495271 -0.096415
v 1.364207 1.454955 -0.096415
v 1.555240 1.562398 0.096415
v 1.554327 1.495271 0.096415
v 1.540421 1.380836 0.096415
v 1.540421 1.380836 -0.096415
v 1.364207 1.454955 0.096415
v 1.353670 1.434642 0.096415
v 1.342047 1.403685 0.096415
v 1.478429 1.265224 0.096415
v 1.353670 1.434642 -0.096415
v 1.342047 1.403685 -0.096415
v 1.478429 1.265224 -0.096415
v 1.426303 1.213882 -0.096415
v 1.289922 1.352342 -0.096415
v 1.426303 1.213882 0.096415
v 1.289922 1.352342 0.096415
v 1.261927 1.342975 0.096415
v 1.346102 1.167802 0.096415
v 1.195221 1.352348 0.096415
v 1.279396 1.150896 0.096415
v 1.261927 1.342975 -0.096415
v 1.346102 1.167802 -0.096415
v 1.095440 1.209517 -0.096415
v 1.119666 1.142748 -0.096415
v 1.066422 1.140032 -0.096415
v 1.062180 1.170666 -0.096415
v 1.195221 1.352348 -0.096415
v 1.279396 1.150896 -0.096415
v 1.062180 1.170666 0.096415
v 1.066422 1.140032 0.096415
v 1.119666 1.142748 0.096415
v 1.057527 1.080427 0.096415
v 1.109435 1.068269 0.096415
v 1.095440 1.209517 0.096415
v 0.730829 1.454334 -0.096415
v 0.730829 1.454334 0.096415
v 0.719684 1.495121 0.096415
v 0.719684 1.495121 -0.096415
v 1.265159 1.031797 -0.096415
v 1.265159 1.031797 0.096415
v 1.206417 0.911851 0.096415
v 1.206417 0.911851 -0.096415
v 1.228032 1.148276 -0.096415
v 1.215083 1.043525 -0.096415
v 1.057527 1.080427 -0.096415
v 1.081089 1.011214 0.096415
v 1.039313 1.044336 0.096415
v 0.990018 0.997711 0.096415
v 1.010030 0.948296 0.096415
v 1.039313 1.044336 -0.096415
v 1.166115 0.943804 -0.096415
v 1.050758 0.847723 -0.096415
v 1.070062 0.800052 -0.096415
v 0.984199 0.782230 -0.096415
v 0.981317 0.833580 -0.096415
v 0.990018 0.997711 -0.096415
v 1.070062 0.800052 0.096415
v 0.822587 0.843003 0.096415
v 0.820320 0.860513 0.096415
v 0.769677 0.815636 0.096415
v 0.771703 0.810032 0.096415
v 0.984199 0.782230 0.096415
v 0.972251 0.995146 0.096415
v 0.975238 0.941917 0.096415
v 0.972251 0.995146 -0.096415
v 0.771703 0.810032 -0.096415
v 0.769677 0.815636 -0.096415
v 0.595007 1.227196 0.096415
v 0.595007 1.227196 -0.096415
v 0.539405 1.267054 -0.096415
v 0.539405 1.267054 0.096415
v 0.827199 0.807365 -0.096415
v 0.829385 0.790473 -0.096415
v 0.777781 0.793221 -0.096415
v 0.775826 0.798626 -0.096415
v 0.777781 0.793221 0.096415
v 0.773004 0.703513 -0.096415
v 0.773004 0.703513 0.096415
v 0.824609 0.700765 0.096415
v 0.736980 0.664686 0.096415
v 0.776986 0.631973 0.096415
v 0.932595 0.784978 -0.096415
v 0.979423 0.692522 -0.096415
v 0.927818 0.695270 -0.096415
v 0.829385 0.790473 0.096415
v 0.979423 0.692522 0.096415
v 0.856997 0.566547 -0.096415
v 0.897003 0.533834 -0.096415
v 0.741501 0.441314 -0.096415
v 0.736188 0.492718 -0.096415
v 0.897003 0.533834 0.096415
v 0.736980 0.664686 -0.096415
v 0.725563 0.595526 0.096415
v 0.720250 0.646930 0.096415
v 0.675379 0.629934 0.096415
v 0.662946 0.579774 0.096415
v 0.720250 0.646930 -0.096415
v 0.741501 0.441314 0.096415
v 0.601768 0.640737 0.096415
v 0.589335 0.590577 0.096415
v 0.625648 0.429295 0.096415
v 0.625648 0.429295 -0.096415
v 0.638081 0.479455 -0.096415
v 0.675379 0.629934 -0.096415
v 0.401309 0.505832 -0.096415
v 0.398760 0.488776 -0.096415
v 0.347667 0.505002 -0.096415
v 0.346922 0.511023 -0.096415
v 0.552038 0.440098 0.096415
v 0.552038 0.440098 -0.096415
v 0.564470 0.490258 -0.096415
v 0.601768 0.640737 -0.096415
v 0.345432 0.523065 -0.096415
v 0.345432 0.523065 0.096415
v 0.344687 0.529087 0.096415
v 0.344687 0.529087 -0.096415
v 0.268630 0.837897 0.096415
v 0.309083 0.872028 0.096415
v 0.214215 0.906935 0.096415
v 0.189443 0.901476 0.096415
v 0.406408 0.539944 0.096415
v 0.408958 0.556999 0.096415
v 0.500945 0.456324 -0.096415
v 0.468841 0.288031 -0.096415
v 0.439256 0.332735 -0.096415
v 0.468841 0.288031 0.096415
v 0.288157 0.179507 0.096415
v 0.288157 0.179507 -0.096415
v 0.347667 0.505002 0.096415
v 0.350502 0.466849 -0.096415
v 0.350502 0.466849 0.096415
v 0.398760 0.488776 0.096415
v 0.380087 0.422144 0.096415
v 0.288343 0.340329 0.096415
v 0.288405 0.393936 0.096415
v 0.197657 0.381728 0.096415
v 0.169826 0.335910 0.096415
v 0.288405 0.393936 -0.096415
v 0.288219 0.233114 -0.096415
v 0.114165 0.244276 -0.096415
v 0.086335 0.198459 -0.096415
v -0.105511 0.335966 -0.096415
v -0.077681 0.381783 -0.096415
v 0.197657 0.381728 -0.096415
v 0.086335 0.198459 0.096415
v -0.022020 0.473418 0.096415
v -0.003314 0.519235 0.096415
v -0.223971 0.540258 0.096415
v -0.221496 0.535604 0.096415
v -0.105511 0.335966 0.096415
v -0.003314 0.519235 -0.096415
v -0.221496 0.535604 -0.096415
v -0.223971 0.540258 -0.096415
v -0.229189 0.575584 -0.096415
v -0.021817 0.643368 -0.096415
v -0.225145 0.521642 -0.096415
v -0.222571 0.526296 -0.096415
v -0.225145 0.521642 0.096415
v -0.247128 0.492177 -0.096415
v -0.247128 0.492177 0.096415
v -0.127494 0.306501 0.096415
v -0.520028 0.281915 0.096415
v -0.400394 0.096239 0.096415
v -0.127494 0.306501 -0.096415
v -0.520028 0.281915 -0.096415
v -0.400394 0.096239 -0.096415
v -0.557768 0.052926 -0.096415
v -0.554198 0.273777 -0.096415
v -0.557768 0.052926 0.096415
v -0.554198 0.273777 0.096415
v -0.574944 0.275329 0.096415
v -0.708358 0.099293 0.096415
v -0.656003 0.336762 0.096415
v -0.789417 0.160726 0.096415
v -0.708358 0.099293 -0.096415
v -0.574944 0.275329 -0.096415
v -0.656003 0.336762 -0.096415
v -0.789417 0.160726 -0.096415
v -0.872844 0.274094 -0.096415
v -0.666168 0.352024 -0.096415
v -0.872844 0.274094 0.096415
v -0.666168 0.352024 0.096415
v -0.682541 0.395448 0.096415
v -0.889217 0.317518 0.096415
v -0.889217 0.317518 -0.096415
v -0.893898 0.430768 0.096415
v -0.893898 0.430768 -0.096415
v -0.682541 0.395448 -0.096415
v -0.674149 0.453096 -0.096415
v -0.815788 0.635339 -0.096415
v -0.791154 0.637474 -0.096415
v -0.674149 0.453096 0.096415
v -0.815788 0.635339 0.096415
v -0.791154 0.637474 0.096415
v -0.397941 0.675627 0.096415
v -0.536495 0.844412 0.096415
v -0.972616 0.437353 -0.096415
v -0.894507 0.641923 -0.096415
v -0.972616 0.437353 0.096415
v -0.894507 0.641923 0.096415
v -0.934968 0.676265 0.096415
v -1.062495 0.498255 0.096415
v -0.934968 0.676265 -0.096415
v -0.945681 0.693394 -0.096415
v -0.945681 0.693394 0.096415
v -1.062495 0.498255 -0.096415
v -1.150466 0.615847 -0.096415
v -1.175939 0.700295 -0.096415
v -0.957043 0.706219 -0.096415
v -1.150466 0.615847 0.096415
v -1.175939 0.700295 0.096415
v -0.957043 0.706219 0.096415
v -0.957978 0.815418 0.096415
v -1.174965 0.785972 0.096415
v -0.957978 0.815418 -0.096415
v -1.174965 0.785972 -0.096415
v -1.107028 0.990548 -0.096415
v -1.078621 0.999216 -0.096415
v -1.107028 0.990548 0.096415
v -1.078621 0.999216 0.096415
v -1.184923 0.999903 -0.096415
v -1.184923 0.999903 0.096415
v -0.562069 1.141948 0.096415
v -0.682712 1.325746 0.096415
v -1.252861 0.795327 0.096415
v -1.201737 1.013983 0.096415
v -1.364470 0.872615 0.096415
v -1.252861 0.795327 -0.096415
v -1.201737 1.013983 -0.096415
v -1.364470 0.872615 -0.096415
v -1.436043 0.968106 -0.096415
v -1.231600 1.036442 -0.096415
v -1.436043 0.968106 0.096415
v -1.466007 1.071715 0.096415
v -1.466007 1.071715 -0.096415
v -1.231600 1.036442 0.096415
v -1.250576 1.079250 0.096415
v -1.254515 1.174153 0.096415
v -1.468579 1.148791 0.096415
v -1.250576 1.079250 -0.096415
v -1.254515 1.174153 -0.096415
v -1.468579 1.148791 -0.096415
v -1.397403 1.347834 -0.096415
v -1.370765 1.355559 -0.096415
v -1.397403 1.347834 0.096415
v -1.370765 1.355559 0.096415
v -1.589947 1.190981 0.096415
v -1.589947 1.190981 -0.096415
v -0.845023 1.503228 0.096415
v -0.961274 1.684634 0.096415
v -1.453829 1.352710 0.096415
v -1.453829 1.352710 -0.096415
v -1.507692 1.382495 -0.096415
v -1.507692 1.382495 0.096415
v -1.686734 1.270120 -0.096415
v -1.752912 1.420831 -0.096415
v -1.544462 1.455944 -0.096415
v -1.686734 1.270120 0.096415
v -1.752912 1.420831 0.096415
v -1.544462 1.455944 0.096415
v -1.550205 1.473665 0.096415
v -1.749631 1.543760 0.096415
v -1.550205 1.473665 -0.096415
v -1.749631 1.543760 -0.096415
v -1.739557 1.595913 -0.096415
v -1.540130 1.525818 -0.096415
v -1.679169 1.688318 -0.096415
v -1.521405 1.547623 -0.096415
v -1.739557 1.595913 0.096415
v -1.540130 1.525818 0.096415
v -1.679169 1.688318 0.096415
v -1.521405 1.547623 0.096415
v -1.395918 1.660471 0.096415
v -1.528089 1.825441 0.096415
v -1.395918 1.660471 -0.096415
v -1.528089 1.825441 -0.096415
v -1.266536 2.034992 -0.096415
v -1.134365 1.870022 -0.096415
v -1.606172 1.911472 -0.096415
v -1.606172 1.911472 0.096415
v -1.757253 1.774349 -0.096415
v -1.757253 1.774349 0.096415
v -1.850696 1.835225 0.096415
v -1.850696 1.835225 -0.096415
v -1.757319 2.016633 0.096415
v -1.757319 2.016633 -0.096415
v -1.266536 2.034992 0.096415
v -1.156257 2.092218 0.096415
v -1.156257 2.092218 -0.096415
v -1.134365 1.870022 0.096415
v -0.715671 1.611348 0.096415
v -0.831922 1.792753 0.096415
v -0.961274 1.684634 -0.096415
v -0.845023 1.503228 -0.096415
v -0.562069 1.141948 -0.096415
v -0.682712 1.325746 -0.096415
v -0.524450 1.444000 -0.096415
v -0.403808 1.260202 -0.096415
v -0.253870 0.793894 0.096415
v -0.392424 0.962678 0.096415
v -0.397941 0.675627 -0.096415
v -0.536495 0.844412 -0.096415
v 0.139899 0.859588 0.096415
v 0.139899 0.859588 -0.096415
v 0.115127 0.804309 -0.096415
v 0.115127 0.804309 0.096415
v 0.309083 0.872028 -0.096415
v 0.214215 0.906935 -0.096415
v 0.187723 0.769634 -0.096415
v 0.147270 0.735504 -0.096415
v 0.147270 0.735504 0.096415
v 0.317044 0.597892 -0.096415
v 0.317044 0.597892 0.096415
v 0.213076 0.676123 0.096415
v 0.213076 0.676123 -0.096415
v 0.363835 0.628102 -0.096415
v 0.261468 0.706274 -0.096415
v 0.504207 0.718732 0.096415
v 0.504207 0.718732 -0.096415
v 0.406645 0.796726 -0.096415
v 0.406645 0.796726 0.096415
v 0.457416 0.688522 0.096415
v 0.358253 0.766576 0.096415
v 0.180173 0.705813 -0.096415
v 0.180173 0.705813 0.096415
v 0.224596 0.737954 -0.096415
v 0.357864 0.834377 0.096415
v 0.357864 0.834377 -0.096415
v 0.313441 0.802236 0.096415
v 0.537498 0.612824 0.096415
v 0.408958 0.556999 -0.096415
v 0.537498 0.612824 -0.096415
v 0.473228 0.584912 -0.096415
v 0.410626 0.658312 -0.096415
v 0.457416 0.688522 -0.096415
v 0.473228 0.584912 0.096415
v 0.410626 0.658312 0.096415
v 0.363835 0.628102 0.096415
v 0.224596 0.737954 0.096415
v 0.269019 0.770095 0.096415
v 0.228177 0.803766 0.096415
v 0.187723 0.769634 0.096415
v 0.313441 0.802236 -0.096415
v 0.269019 0.770095 -0.096415
v 0.228177 0.803766 -0.096415
v 0.268630 0.837897 -0.096415
v 0.309860 0.736425 0.096415
v 0.261468 0.706274 0.096415
v 0.309860 0.736425 -0.096415
v 0.358253 0.766576 -0.096415
v 0.164671 0.890631 -0.096415
v 0.189443 0.901476 -0.096415
v 0.164671 0.890631 0.096415
v -0.022020 0.473418 -0.096415
v -0.049850 0.427600 -0.096415
v -0.219996 0.530950 -0.096415
v -0.222571 0.526296 0.096415
v -0.219996 0.530950 0.096415
v 0.114165 0.244276 0.096415
v 0.141996 0.290093 0.096415
v -0.049850 0.427600 0.096415
v -0.077681 0.381783 0.096415
v 0.288343 0.340329 -0.096415
v 0.288281 0.286721 -0.096415
v 0.141996 0.290093 -0.096415
v 0.169826 0.335910 -0.096415
v 0.380087 0.422144 -0.096415
v 0.409672 0.377440 -0.096415
v 0.439256 0.332735 0.096415
v 0.409672 0.377440 0.096415
v 0.288281 0.286721 0.096415
v 0.288219 0.233114 0.096415
v 0.500945 0.456324 0.096415
v 0.449852 0.472550 0.096415
v 0.449852 0.472550 -0.096415
v 0.528360 0.573699 0.096415
v 0.467384 0.556821 0.096415
v 0.510083 0.495449 -0.096415
v 0.455696 0.500640 -0.096415
v 0.406484 1.181845 0.096415
v 0.406484 1.181845 -0.096415
v 0.416670 1.109087 -0.096415
v 0.416670 1.109087 0.096415
v 0.566270 1.191443 0.096415
v 0.477357 1.263996 0.096415
v 0.480057 1.056810 -0.096415
v 0.480057 1.056810 0.096415
v 0.508795 1.101688 -0.096415
v 0.705716 0.941022 -0.096415
v 0.678052 0.896145 -0.096415
v 0.577780 0.976654 -0.096415
v 0.609124 1.021531 -0.096415
v 0.678052 0.896145 0.096415
v 0.577780 0.976654 0.096415
v 0.761043 1.030777 0.096415
v 0.788707 1.075655 0.096415
v 0.703156 1.147039 0.096415
v 0.671812 1.111286 0.096415
v 0.788707 1.075655 -0.096415
v 0.703156 1.147039 -0.096415
v 0.870053 1.014045 0.096415
v 0.870053 1.014045 -0.096415
v 0.836112 0.974590 0.096415
v 0.734291 0.856223 -0.096415
v 0.734291 0.856223 0.096415
v 0.768231 0.895678 -0.096415
v 0.789200 0.876572 -0.096415
v 0.752022 0.839416 -0.096415
v 0.752022 0.839416 0.096415
v 0.863557 0.950884 0.096415
v 0.900736 0.988040 0.096415
v 0.900736 0.988040 -0.096415
v 0.921607 0.950268 0.096415
v 0.820320 0.860513 -0.096415
v 0.716447 1.533973 0.096415
v 0.716447 1.533973 -0.096415
v 0.831784 1.572259 0.096415
v 0.863871 1.609738 0.096415
v 0.816228 1.611108 0.096415
v 0.779762 1.606476 0.096415
v 0.764090 1.493186 -0.096415
v 0.863871 1.609738 -0.096415
v 0.816228 1.611108 -0.096415
v 0.896286 0.927830 -0.096415
v 0.870964 0.905391 -0.096415
v 0.826379 0.913728 -0.096415
v 0.844968 0.932306 -0.096415
v 0.870964 0.905391 0.096415
v 0.826379 0.913728 0.096415
v 0.789200 0.876572 0.096415
v 0.802172 0.935134 0.096415
v 0.768231 0.895678 0.096415
v 0.802172 0.935134 -0.096415
v 0.819142 0.954862 -0.096415
v 0.609124 1.021531 0.096415
v 0.640468 1.066409 0.096415
v 0.537532 1.146566 0.096415
v 0.508795 1.101688 0.096415
v 0.656140 1.088848 -0.096415
v 0.640468 1.066409 -0.096415
v 0.537532 1.146566 -0.096415
v 0.551901 1.169004 -0.096415
v 0.733379 0.985900 -0.096415
v 0.747211 1.008338 -0.096415
v 0.733379 0.985900 0.096415
v 0.705716 0.941022 0.096415
v 0.426713 1.226722 -0.096415
v 0.452035 1.249161 -0.096415
v 0.426713 1.226722 0.096415
v 0.452035 1.249161 0.096415
v 0.467384 0.556821 -0.096415
v 0.461540 0.528731 -0.096415
v 0.403859 0.522888 -0.096415
v 0.406408 0.539944 -0.096415
v 0.458618 0.514686 0.096415
v 0.461540 0.528731 0.096415
v 0.403859 0.522888 0.096415
v 0.402584 0.514359 0.096415
v 0.570686 0.515337 0.096415
v 0.576903 0.540417 0.096415
v 0.519221 0.534574 0.096415
v 0.514652 0.515012 0.096415
v 0.589335 0.590577 -0.096415
v 0.576903 0.540417 -0.096415
v 0.519221 0.534574 -0.096415
v 0.528360 0.573699 -0.096415
v 0.346177 0.517044 0.096415
v 0.346550 0.514034 0.096415
v 0.346550 0.514034 -0.096415
v 0.346177 0.517044 -0.096415
v 0.662946 0.579774 -0.096415
v 0.650514 0.529614 -0.096415
v 0.725563 0.595526 -0.096415
v 0.730876 0.544122 -0.096415
v 0.644297 0.504534 0.096415
v 0.650514 0.529614 0.096415
v 0.836994 0.582904 0.096415
v 0.816992 0.599260 0.096415
v 0.730876 0.544122 0.096415
v 0.733532 0.518420 0.096415
v 0.824609 0.700765 -0.096415
v 0.876214 0.698017 -0.096415
v 0.816992 0.599260 -0.096415
v 0.776986 0.631973 -0.096415
v 0.906792 0.786352 0.096415
v 0.880990 0.787725 0.096415
v 0.876214 0.698017 0.096415
v 0.902016 0.696644 0.096415
v 0.880990 0.787725 -0.096415
v 0.904258 0.820473 -0.096415
v 0.906792 0.786352 -0.096415
v 0.878572 0.816103 -0.096415
v 0.898912 0.892460 0.096415
v 0.896286 0.927830 0.096415
v 0.873470 0.875975 0.096415
v 0.924354 0.908946 0.096415
v 0.929945 0.824842 -0.096415
v 0.927818 0.695270 0.096415
v 0.856997 0.566547 0.096415
v 0.932595 0.784978 0.096415
v 0.736188 0.492718 0.096415
v 0.638081 0.479455 0.096415
v 0.564470 0.490258 0.096415
v 0.346922 0.511023 0.096415
v 0.401309 0.505832 0.096415
v 0.510083 0.495449 0.096415
v 0.455696 0.500640 0.096415
v 0.477357 1.263996 -0.096415
v 0.566270 1.191443 -0.096415
v 0.761043 1.030777 -0.096415
v 0.671812 1.111286 -0.096415
v 0.836112 0.974590 -0.096415
v 0.863557 0.950884 -0.096415
v 0.921607 0.950268 -0.096415
v 0.844968 0.932306 0.096415
v 0.819142 0.954862 0.096415
v 0.656140 1.088848 0.096415
v 0.551901 1.169004 0.096415
v 0.747211 1.008338 0.096415
v 0.458618 0.514686 -0.096415
v 0.402584 0.514359 -0.096415
v 0.570686 0.515337 -0.096415
v 0.514652 0.515012 -0.096415
v 0.644297 0.504534 -0.096415
v 0.733532 0.518420 -0.096415
v 0.902016 0.696644 -0.096415
v 0.836994 0.582904 -0.096415
v -1.106349 1.886807 -0.096415
v -1.043660 2.104607 -0.096415
v -1.069927 1.894859 -0.096415
v -1.106349 1.886807 0.096415
v -1.043660 2.104607 0.096415
v -1.069927 1.894859 0.096415
v -1.035374 1.899251 0.096415
v -0.928143 2.081421 0.096415
v -1.035374 1.899251 -0.096415
v -0.995147 1.881476 -0.096415
v -0.995147 1.881476 0.096415
v -0.928143 2.081421 -0.096415
v -0.837240 2.022009 -0.096415
v -0.766947 1.939485 -0.096415
v -0.950834 1.835225 -0.096415
v -0.837240 2.022009 0.096415
v -0.741500 1.894168 -0.096415
v -0.931644 1.801814 -0.096415
v -0.766947 1.939485 0.096415
v -0.950834 1.835225 0.096415
v -0.227909 0.583397 -0.096415
v -0.044838 0.702067 -0.096415
v -0.021817 0.643368 0.096415
v -0.229189 0.575584 0.096415
v -0.227909 0.583397 0.096415
v -0.044838 0.702067 0.096415
v -0.093795 0.774320 0.096415
v -0.236420 0.609228 0.096415
v -0.093795 0.774320 -0.096415
v -0.236420 0.609228 -0.096415
v -0.247430 0.631389 -0.096415
v -0.147919 0.825541 -0.096415
v -0.247430 0.631389 0.096415
v -0.147919 0.825541 0.096415
v -0.202759 0.862945 0.096415
v -0.258233 0.651947 0.096415
v -0.264322 0.896915 0.096415
v -0.297571 0.681296 0.096415
v -0.202759 0.862945 -0.096415
v -0.258233 0.651947 -0.096415
v -0.185516 0.881880 0.096415
v -0.386288 0.967762 0.096415
v -0.392424 0.962678 -0.096415
v -0.253870 0.793894 -0.096415
v -0.185516 0.881880 -0.096415
v -0.386288 0.967762 -0.096415
v -0.373680 0.983179 -0.096415
v -0.156091 0.964726 -0.096415
v -0.373680 0.983179 0.096415
v -0.156091 0.964726 0.096415
v -0.140625 1.065955 0.096415
v -0.352482 1.013017 0.096415
v -0.352482 1.013017 -0.096415
v -0.348351 1.052741 0.096415
v -0.348351 1.052741 -0.096415
v -0.140625 1.065955 -0.096415
v -0.167281 1.174803 -0.096415
v -0.355658 1.099369 -0.096415
v -0.221115 1.271369 -0.096415
v -0.167281 1.174803 0.096415
v -0.355658 1.099369 0.096415
v -0.221115 1.271369 0.096415
v -0.303848 1.335861 0.096415
v -0.375201 1.129478 0.096415
v -0.303848 1.335861 -0.096415
v -0.375201 1.129478 -0.096415
v -0.490878 1.208766 -0.096415
v -0.343070 1.369509 -0.096415
v -0.343070 1.369509 0.096415
v -0.490878 1.208766 0.096415
v -0.524450 1.444000 0.096415
v -0.403808 1.260202 0.096415
v -0.358218 1.333947 0.096415
v -0.497965 1.467942 0.096415
v -0.358218 1.333947 -0.096415
v -0.497965 1.467942 -0.096415
v -0.477803 1.487352 -0.096415
v -0.301053 1.408339 -0.096415
v -0.301053 1.408339 0.096415
v -0.268656 1.510109 -0.096415
v -0.268656 1.510109 0.096415
v -0.477803 1.487352 0.096415
v -0.473777 1.509384 0.096415
v -0.277573 1.620407 0.096415
v -0.465351 1.537855 0.096415
v -0.473777 1.509384 -0.096415
v -0.277573 1.620407 -0.096415
v -0.465351 1.537855 -0.096415
v -0.470760 1.570222 -0.096415
v -0.329871 1.719305 -0.096415
v -0.470760 1.570222 0.096415
v -0.329871 1.719305 0.096415
v -0.417625 1.808929 0.096415
v -0.496860 1.619728 0.096415
v -0.496860 1.619728 -0.096415
v -0.537343 1.654857 0.096415
v -0.537343 1.654857 -0.096415
v -0.417625 1.808929 -0.096415
v -0.537746 1.859979 -0.096415
v -0.584301 1.667464 -0.096415
v -0.635830 1.866008 -0.096415
v -0.537746 1.859979 0.096415
v -0.716457 1.633165 -0.096415
v -0.767986 1.831709 -0.096415
v -0.635830 1.866008 0.096415
v -0.584301 1.667464 0.096415
v -0.715671 1.611348 -0.096415
v -0.831922 1.792753 -0.096415
v -0.760453 1.838553 -0.096415
v -0.644202 1.657147 -0.096415
v -0.644202 1.657147 0.096415
v -0.760453 1.838553 0.096415
v -0.729704 1.782570 -0.096415
v -0.927470 1.707920 -0.096415
v -0.741500 1.894168 0.096415
v -0.931644 1.801814 0.096415
v -0.729704 1.782570 0.096415
v -0.927470 1.707920 0.096415
v -0.767986 1.831709 0.096415
v -0.716457 1.633165 0.096415
v -0.264322 0.896915 -0.096415
v -0.297571 0.681296 -0.096415
v -0.398072 0.696793 -0.096415
v -0.364822 0.912413 -0.096415
v -0.364822 0.912413 0.096415
v -0.398072 0.696793 0.096415
v 1.053905 1.447050 0.096415
v 1.053905 1.447050 -0.096415
v 1.006799 1.489567 -0.096415
v 1.006799 1.489567 0.096415
v 0.954124 1.330497 -0.096415
v 0.920864 1.291646 -0.096415
v 0.873758 1.331973 -0.096415
v 0.907019 1.370824 -0.096415
v 1.021819 1.409570 0.096415
v 0.974713 1.449897 0.096415
v 0.920864 1.291646 0.096415
v 0.873758 1.331973 0.096415
v 0.959157 1.528164 0.096415
v 0.959157 1.528164 -0.096415
v 0.911514 1.568951 -0.096415
v 0.911514 1.568951 0.096415
v 0.859376 1.411611 -0.096415
v 0.826115 1.372760 -0.096415
v 0.778472 1.413547 -0.096415
v 0.811733 1.452398 -0.096415
v 0.927070 1.490685 0.096415
v 0.879427 1.531471 0.096415
v 0.826115 1.372760 0.096415
v 0.778472 1.413547 0.096415
v 1.015075 1.210992 -0.096415
v 1.015075 1.210992 0.096415
v 0.967969 1.251319 0.096415
v 0.967969 1.251319 -0.096415
v 1.116030 1.328917 0.096415
v 1.148116 1.379535 0.096415
v 1.101010 1.413293 0.096415
v 1.068924 1.369244 0.096415
v 1.048335 1.249843 -0.096415
v 1.001230 1.290170 -0.096415
v 1.148116 1.379535 -0.096415
v 1.101010 1.413293 -0.096415
v 1.163135 1.288590 0.096415
v 1.128701 1.248368 0.096415
v 1.081595 1.288694 0.096415
v 1.048335 1.249843 0.096415
v 1.163135 1.288590 -0.096415
v 1.128701 1.248368 -0.096415
v 1.081595 1.288694 -0.096415
v 1.116030 1.328917 -0.096415
v 1.068924 1.369244 -0.096415
v 1.034490 1.329021 -0.096415
v 0.987384 1.369348 -0.096415
v 1.021819 1.409570 -0.096415
v 1.001230 1.290170 0.096415
v 1.034490 1.329021 0.096415
v 0.987384 1.369348 0.096415
v 0.954124 1.330497 0.096415
v 0.974713 1.449897 -0.096415
v 0.940279 1.409675 -0.096415
v 0.892636 1.450462 -0.096415
v 0.927070 1.490685 -0.096415
v 0.907019 1.370824 0.096415
v 0.940279 1.409675 0.096415
v 0.892636 1.450462 0.096415
v 0.859376 1.411611 0.096415
v 0.811733 1.452398 0.096415
v 0.844993 1.491249 0.096415
v 0.797350 1.532037 0.096415
v 0.764090 1.493186 0.096415
v 0.879427 1.531471 -0.096415
v 0.844993 1.491249 -0.096415
v 0.797350 1.532037 -0.096415
v 0.831784 1.572259 -0.096415
v 0.924354 0.908946 -0.096415
v 0.927101 0.867623 -0.096415
v 0.901539 0.857091 -0.096415
v 0.898912 0.892460 -0.096415
v 0.929945 0.824842 0.096415
v 0.927101 0.867623 0.096415
v 0.901539 0.857091 0.096415
v 0.904258 0.820473 0.096415
v 0.878572 0.816103 0.096415
v 0.875977 0.846558 0.096415
v 0.824853 0.825493 0.096415
v 0.827199 0.807365 0.096415
v 0.873470 0.875975 -0.096415
v 0.875977 0.846558 -0.096415
v 0.824853 0.825493 -0.096415
v 0.822587 0.843003 -0.096415
v 0.975238 0.941917 -0.096415
v 0.978225 0.888688 -0.096415
v 0.981317 0.833580 0.096415
v 0.978225 0.888688 0.096415
v 0.745327 1.575013 -0.096415
v 0.779762 1.606476 -0.096415
v 0.745327 1.575013 0.096415
v 0.773729 0.804428 -0.096415
v 0.775826 0.798626 0.096415
v 0.773729 0.804428 0.096415
v 1.050758 0.847723 0.096415
v 1.030041 0.898882 0.096415
v 1.081089 1.011214 -0.096415
v 1.122865 0.978094 -0.096415
v 1.030041 0.898882 -0.096415
v 1.010030 0.948296 -0.096415
v 1.109435 1.068269 -0.096415
v 1.161343 1.056112 -0.096415
v 1.215083 1.043525 0.096415
v 1.161343 1.056112 0.096415
v 1.122865 0.978094 0.096415
v 1.166115 0.943804 0.096415
v 1.172909 1.145464 -0.096415
v 1.228032 1.148276 0.096415
v 1.172909 1.145464 0.096415
v 0.877157 3.188648 -0.000000
v 0.874733 3.226215 -0.000000
v 0.874733 3.226215 -0.113437
v 0.877157 3.188648 -0.113437
v 2.160314 2.017529 -0.113437
v 1.388662 3.403855 -0.113437
v 1.438830 3.617741 -0.113437
v 1.495756 3.596611 -0.113437
v 1.546354 3.567358 -0.113437
v 1.583742 3.523219 -0.113437
v 1.614507 3.468276 -0.113437
v 1.645272 3.413332 -0.113437
v 1.079310 3.223529 -0.113437
v 1.850962 1.837203 -0.113437
v 1.676036 3.358389 -0.113437
v 0.884404 3.148123 -0.113437
v 1.737566 3.248503 -0.113437
v 0.889250 3.126552 -0.113437
v 1.799095 3.138617 -0.113437
v 0.920810 3.072905 -0.113437
v 1.860624 3.028730 -0.113437
v 0.951574 3.017962 -0.113437
v 1.922153 2.918844 -0.113437
v 0.982339 2.963019 -0.113437
v 1.983683 2.808958 -0.113437
v 1.013104 2.908076 -0.113437
v 2.045212 2.699072 -0.113437
v 1.043868 2.853133 -0.113437
v 2.106741 2.589185 -0.113437
v 1.074554 2.798330 -0.113437
v 2.168271 2.479299 -0.113437
v 1.105240 2.743528 -0.113437
v 2.229800 2.369413 -0.113437
v 1.136083 2.688444 -0.113437
v 2.260565 2.314470 -0.113437
v 1.166927 2.633360 -0.113437
v 2.291329 2.259526 -0.113437
v 1.197692 2.578417 -0.113437
v 2.322094 2.204583 -0.113437
v 1.228456 2.523474 -0.113437
v 2.352859 2.149640 -0.113437
v 1.259221 2.468531 -0.113437
v 2.376521 2.088369 -0.113437
v 1.289985 2.413588 -0.113437
v 2.385526 2.021773 -0.113437
v 2.381209 1.974782 -0.113437
v 2.365801 1.935304 -0.113437
v 2.359993 1.912483 -0.113437
v 2.340070 1.879907 -0.113437
v 1.320750 2.358644 -0.113437
v 2.331171 1.861122 -0.113437
v 2.300346 1.827524 -0.113437
v 2.256454 1.801939 -0.113437
v 2.212561 1.776353 -0.113437
v 2.168669 1.750767 -0.113437
v 2.124776 1.725181 -0.113437
v 1.351515 2.303701 -0.113437
v 1.382279 2.248758 -0.113437
v 2.083187 1.700938 -0.113437
v 2.036991 1.674010 -0.113437
v 1.413044 2.193815 -0.113437
v 1.442120 2.141887 -0.113437
v 1.996318 1.653676 -0.113437
v 1.956614 1.639974 -0.113437
v 1.907568 1.627871 -0.113437
v 1.865553 1.624877 -0.113437
v 1.848182 1.626386 -0.113437
v 1.838073 1.629638 -0.113437
v 1.805384 1.634972 -0.113437
v 1.738601 1.673597 -0.113437
v 1.691829 1.702431 -0.113437
v 1.657635 1.751780 -0.113437
v 1.625916 1.805168 -0.113437
v 1.595915 1.861356 -0.113437
v 1.565913 1.917543 -0.113437
v 1.536103 1.974042 -0.113437
v 1.474573 2.083929 -0.113437
v 1.503568 2.032146 -0.113437
v 1.369328 3.392585 -0.113437
v 1.415226 3.622824 -0.113437
v 1.495756 3.596611 0.056718
v 1.438830 3.617741 0.056718
v 1.438830 3.617741 0.113437
v 1.495756 3.596611 0.113437
v 1.079310 3.223529 0.113437
v 0.874733 3.226215 0.113437
v 0.877157 3.188648 0.113437
v 0.884404 3.148123 0.113437
v 0.889250 3.126552 0.113437
v 0.920810 3.072905 0.113437
v 1.850962 1.837203 0.113437
v 1.388662 3.403855 0.113437
v 2.160314 2.017529 0.113437
v 0.951574 3.017962 0.113437
v 1.546354 3.567358 0.113437
v 0.982339 2.963019 0.113437
v 1.583742 3.523219 0.113437
v 1.013104 2.908076 0.113437
v 1.614507 3.468276 0.113437
v 1.043868 2.853133 0.113437
v 1.645272 3.413332 0.113437
v 1.074554 2.798330 0.113437
v 1.676036 3.358389 0.113437
v 1.105240 2.743528 0.113437
v 1.737566 3.248503 0.113437
v 1.136083 2.688444 0.113437
v 1.799095 3.138617 0.113437
v 1.166927 2.633360 0.113437
v 1.860624 3.028730 0.113437
v 1.197692 2.578417 0.113437
v 1.922153 2.918844 0.113437
v 1.228456 2.523474 0.113437
v 1.983683 2.808958 0.113437
v 1.259221 2.468531 0.113437
v 2.045212 2.699072 0.113437
v 1.289985 2.413588 0.113437
v 2.106741 2.589185 0.113437
v 1.320750 2.358644 0.113437
v 2.168271 2.479299 0.113437
v 1.351515 2.303701 0.113437
v 2.229800 2.369413 0.113437
v 1.382279 2.248758 0.113437
v 2.260565 2.314470 0.113437
v 1.413044 2.193815 0.113437
v 2.291329 2.259526 0.113437
v 1.442120 2.141887 0.113437
v 2.322094 2.204583 0.113437
v 1.474573 2.083929 0.113437
v 2.352859 2.149640 0.113437
v 1.503568 2.032146 0.113437
v 2.376521 2.088369 0.113437
v 1.536103 1.974042 0.113437
v 2.381209 1.974782 0.113437
v 2.385526 2.021773 0.113437
v 2.340070 1.879907 0.113437
v 2.359993 1.912483 0.113437
v 2.365801 1.935304 0.113437
v 1.565913 1.917543 0.113437
v 2.331171 1.861122 0.113437
v 2.256454 1.801939 0.113437
v 2.300346 1.827524 0.113437
v 2.212561 1.776353 0.113437
v 1.595915 1.861356 0.113437
v 1.625916 1.805168 0.113437
v 1.657635 1.751780 0.113437
v 1.691829 1.702431 0.113437
v 1.738601 1.673597 0.113437
v 1.805384 1.634972 0.113437
v 1.838073 1.629638 0.113437
v 1.848182 1.626386 0.113437
v 1.865553 1.624877 0.113437
v 1.907568 1.627871 0.113437
v 1.956614 1.639974 0.113437
v 1.996318 1.653676 0.113437
v 2.036991 1.674010 0.113437
v 2.083187 1.700938 0.113437
v 2.124776 1.725181 0.113437
v 2.168669 1.750767 0.113437
v 1.098645 3.234799 0.113437
v 0.881545 3.274535 0.113437
v 2.359993 1.912483 0.056718
v 2.365801 1.935304 0.056718
v 0.881545 3.274535 0.056718
v 0.874733 3.226215 0.056718
v 1.369328 3.392585 0.113437
v 2.045212 2.699072 0.056718
v 1.983683 2.808958 0.056718
v 2.260565 2.314470 0.056718
v 2.229800 2.369413 0.056718
v 2.168271 2.479299 0.056718
v 2.106741 2.589185 0.056718
v 2.376521 2.088369 0.056718
v 2.352859 2.149640 0.056718
v 2.381209 1.974782 0.056718
v 2.385526 2.021773 0.056718
v 2.322094 2.204583 0.056718
v 2.291329 2.259526 0.056718
v 1.799095 3.138617 0.056718
v 1.737566 3.248503 0.056718
v 1.922153 2.918844 0.056718
v 1.860624 3.028730 0.056718
v 1.922153 2.918844 -0.000000
v 1.983683 2.808958 -0.000000
v 1.860624 3.028730 -0.000000
v 1.737566 3.248503 -0.000000
v 1.799095 3.138617 -0.000000
v 2.381209 1.974782 -0.000000
v 2.365801 1.935304 -0.000000
v 2.045212 2.699072 -0.000000
v 2.106741 2.589185 -0.000000
v 2.168271 2.479299 -0.000000
v 2.229800 2.369413 -0.000000
v 2.291329 2.259526 -0.000000
v 2.322094 2.204583 -0.000000
v 2.385526 2.021773 -0.000000
v 2.352859 2.149640 -0.000000
v 2.376521 2.088369 -0.000000
v 2.260565 2.314470 -0.000000
v 0.881545 3.274535 -0.113437
v 0.881545 3.274535 -0.000000
v 2.359993 1.912483 -0.000000
v 1.438830 3.617741 -0.000000
v 1.495756 3.596611 -0.000000
v 0.877157 3.188648 0.056718
v 1.614507 3.468276 -0.000000
v 1.645272 3.413332 -0.000000
v 1.645272 3.413332 0.056718
v 1.614507 3.468276 0.056718
v 1.676036 3.358389 0.056718
v 1.676036 3.358389 -0.000000
v 1.546354 3.567358 -0.000000
v 1.583742 3.523219 -0.000000
v 1.583742 3.523219 0.056718
v 1.546354 3.567358 0.056718
v 2.124776 1.725181 -0.000000
v 2.083187 1.700938 -0.000000
v 2.083187 1.700938 0.056718
v 2.124776 1.725181 0.056718
v 2.300346 1.827524 -0.000000
v 2.256454 1.801939 -0.000000
v 2.256454 1.801939 0.056718
v 2.300346 1.827524 0.056718
v 2.168669 1.750767 0.056718
v 2.212561 1.776353 0.056718
v 2.212561 1.776353 -0.000000
v 2.168669 1.750767 -0.000000
v 2.340070 1.879907 -0.000000
v 2.331171 1.861122 -0.000000
v 2.331171 1.861122 0.056718
v 2.340070 1.879907 0.056718
v 1.907568 1.627871 0.056718
v 1.956615 1.639974 0.056718
v 1.956615 1.639974 -0.000000
v 1.907568 1.627871 -0.000000
v 1.996318 1.653676 0.056718
v 2.036991 1.674010 0.056718
v 2.036991 1.674010 -0.000000
v 1.996318 1.653676 -0.000000
v 1.865553 1.624877 -0.000000
v 1.848182 1.626386 -0.000000
v 1.848182 1.626386 0.056718
v 1.865553 1.624877 0.056718
v 1.838073 1.629638 0.056718
v 1.838073 1.629638 -0.000000
v 1.320750 2.358644 0.056718
v 1.289985 2.413588 0.056718
v 1.289985 2.413588 -0.000000
v 1.320750 2.358644 -0.000000
v 1.565913 1.917543 -0.000000
v 1.536103 1.974042 -0.000000
v 1.565913 1.917543 0.056718
v 1.536103 1.974042 0.056718
v 1.442120 2.141887 -0.000000
v 1.413044 2.193815 -0.000000
v 1.442120 2.141887 0.056718
v 1.413044 2.193815 0.056718
v 1.503568 2.032147 0.056718
v 1.474573 2.083929 0.056718
v 1.474573 2.083929 -0.000000
v 1.503568 2.032147 -0.000000
v 1.382279 2.248758 -0.000000
v 1.351515 2.303701 -0.000000
v 1.382279 2.248758 0.056718
v 1.351515 2.303701 0.056718
v 1.691829 1.702431 0.056718
v 1.657635 1.751781 0.056718
v 1.657635 1.751781 -0.000000
v 1.691829 1.702431 -0.000000
v 1.625916 1.805168 0.056718
v 1.595915 1.861356 0.056718
v 1.595915 1.861356 -0.000000
v 1.625916 1.805168 -0.000000
v 1.805384 1.634972 -0.000000
v 1.738601 1.673597 -0.000000
v 1.805384 1.634972 0.056718
v 1.738601 1.673597 0.056718
v 1.074554 2.798330 0.056718
v 1.043868 2.853133 0.056718
v 1.043868 2.853133 -0.000000
v 1.074554 2.798330 -0.000000
v 0.951574 3.017962 0.056718
v 0.920810 3.072905 0.056718
v 0.920810 3.072905 -0.000000
v 0.951574 3.017962 -0.000000
v 1.013104 2.908076 -0.000000
v 0.982339 2.963019 -0.000000
v 1.013104 2.908076 0.056718
v 0.982339 2.963019 0.056718
v 1.166927 2.633360 0.056718
v 1.197691 2.578417 0.056718
v 1.197691 2.578417 -0.000000
v 1.166927 2.633360 -0.000000
v 1.105240 2.743528 0.056718
v 1.136083 2.688444 0.056718
v 1.136083 2.688444 -0.000000
v 1.105240 2.743528 -0.000000
v 1.259221 2.468531 0.056718
v 1.228456 2.523474 0.056718
v 1.228456 2.523474 -0.000000
v 1.259221 2.468531 -0.000000
v 0.884404 3.148123 0.056718
v 0.889250 3.126552 0.056718
v 0.884404 3.148123 -0.000000
v 0.889250 3.126552 -0.000000
v 1.162160 3.522460 -0.000000
v 1.118268 3.496875 -0.000000
v 1.118268 3.496875 0.056718
v 1.162160 3.522460 0.056718
v 1.162160 3.522460 -0.113437
v 1.118268 3.496875 -0.113437
v 1.214652 3.302422 -0.113437
v 1.233986 3.313692 -0.113437
v 1.233986 3.313692 0.113437
v 1.214652 3.302422 0.113437
v 1.118268 3.496875 0.113437
v 1.162160 3.522460 0.113437
v 1.253321 3.324962 0.113437
v 1.074375 3.471289 -0.113437
v 1.137314 3.257340 -0.113437
v 0.918252 3.357023 -0.113437
v 0.943598 3.393980 -0.113437
v 1.156648 3.268610 -0.113437
v 1.156648 3.268610 0.113437
v 1.137314 3.257340 0.113437
v 0.986590 3.420117 -0.000000
v 0.943598 3.393980 -0.000000
v 0.943598 3.393980 0.056718
v 0.986590 3.420117 0.056718
v 0.987490 3.419565 -0.113437
v 0.942697 3.394532 0.113437
v 0.986590 3.420117 0.113437
v 1.175983 3.279881 0.113437
v 1.074375 3.471289 0.113437
v 1.030483 3.445703 0.113437
v 1.195317 3.291151 0.113437
v 1.074375 3.471289 0.056718
v 1.030483 3.445703 0.056718
v 1.030483 3.445703 -0.113437
v 1.030483 3.445703 -0.000000
v 1.074375 3.471289 -0.000000
v 1.176883 3.279329 -0.113437
v 1.195317 3.291151 -0.113437
v 1.098645 3.234799 -0.113437
v 1.117979 3.246069 -0.113437
v 1.117979 3.246069 0.113437
v 0.895427 3.318521 -0.113437
v 0.918252 3.357023 -0.000000
v 0.895427 3.318521 -0.000000
v 0.895427 3.318521 0.056718
v 0.918252 3.357023 0.056718
v 0.895427 3.318521 0.113437
v 0.918252 3.357023 0.113437
v 1.330659 3.370044 0.113437
v 1.339576 3.613266 0.113437
v 1.293838 3.599218 0.113437
v 1.311324 3.358774 0.113437
v 1.339576 3.613266 0.056718
v 1.293838 3.599218 0.056718
v 1.339576 3.613266 -0.113437
v 1.293838 3.599218 -0.113437
v 1.293838 3.599218 -0.000000
v 1.339576 3.613266 -0.000000
v 1.291990 3.347503 -0.113437
v 1.311324 3.358774 -0.113437
v 1.291990 3.347503 0.113437
v 1.249946 3.573632 -0.113437
v 1.253321 3.324962 -0.113437
v 1.206053 3.548046 -0.113437
v 1.272655 3.336233 -0.113437
v 1.272655 3.336233 0.113437
v 1.249946 3.573632 0.113437
v 1.206053 3.548046 0.113437
v 1.249946 3.573632 0.056718
v 1.206053 3.548046 0.056718
v 1.206053 3.548046 -0.000000
v 1.249946 3.573632 -0.000000
v 1.415226 3.622824 -0.000000
v 1.376275 3.621461 -0.000000
v 1.376275 3.621461 0.056718
v 1.415226 3.622824 0.056718
v 1.376275 3.621461 -0.113437
v 1.376275 3.621461 0.113437
v 1.415226 3.622824 0.113437
v 1.349993 3.381315 0.113437
v 1.330659 3.370044 -0.113437
v 1.349993 3.381315 -0.113437
vn -0.5765 0.8171 -0.0000
vn -0.0000 -0.0000 -1.0000
vn -0.0000 0.0001 -1.0000
vn -0.0000 0.0416 0.9991
vn 0.9811 0.1934 -0.0000
vn -0.0000 -0.0000 1.0000
vn -0.0000 0.0416 -0.9991
vn 0.2963 -0.9551 -0.0000
vn -0.3986 0.9171 -0.0000
vn 0.8713 -0.4907 -0.0000
vn -0.8713 0.4907 -0.0000
vn 0.4733 0.8809 -0.0000
vn -0.4733 -0.8809 -0.0000
vn 0.8726 -0.4885 -0.0000
vn 0.7947 -0.6070 -0.0000
vn 0.4425 -0.8968 -0.0000
vn 0.1769 -0.9842 -0.0000
vn 0.6322 -0.7748 -0.0000
vn 0.9499 -0.3127 -0.0000
vn 0.9997 0.0258 -0.0000
vn 0.1074 -0.9942 -0.0000
vn 0.0011 -1.0000 -0.0000
vn -0.1912 -0.9816 -0.0000
vn -0.7025 -0.7117 -0.0000
vn -0.5288 -0.8487 -0.0000
vn -0.6354 -0.7722 -0.0000
vn -0.8946 -0.4469 -0.0000
vn -0.8132 -0.5820 -0.0000
vn -0.9716 -0.2366 -0.0000
vn -0.8726 0.4885 -0.0000
vn -0.8601 0.5101 -0.0000
vn -0.9152 0.4031 -0.0000
vn -0.8626 0.5058 -0.0000
vn -0.9997 -0.0256 -0.0000
vn -0.9256 -0.3786 -0.0000
vn -1.0000 0.0024 -0.0000
vn -0.8848 0.4660 -0.0000
vn -0.6969 0.7172 -0.0000
vn -0.6968 0.7172 -0.0000
vn -0.8828 0.4698 -0.0000
vn -0.6646 0.7472 -0.0000
vn 0.4569 0.8895 -0.0000
vn 0.4569 0.8895 -0.0083
vn 0.4569 0.8894 -0.0166
vn -0.4355 -0.9002 -0.0000
vn -0.4733 -0.8809 0.0041
vn -0.0149 0.9999 -0.0000
vn 0.0511 0.9987 -0.0000
vn 0.0276 0.9994 -0.0186
vn -0.2419 0.9703 -0.0000
vn -0.5087 -0.8609 0.0040
vn 0.6615 0.7500 -0.0000
vn 0.8337 0.5522 -0.0000
vn 0.7181 0.6959 -0.0000
vn 0.9435 0.3315 -0.0000
vn -0.9512 0.3087 -0.0000
vn 0.3087 0.9512 -0.0000
vn -0.3087 -0.9512 -0.0000
vn 0.9953 -0.0973 -0.0000
vn -0.9592 -0.2827 -0.0000
vn 0.6402 -0.7682 -0.0000
vn -0.6402 0.7682 -0.0000
vn -0.5838 0.8119 -0.0000
vn 0.5838 -0.8119 -0.0000
vn -0.3289 -0.9443 -0.0000
vn -0.3289 -0.9444 -0.0000
vn -0.2133 0.9770 -0.0000
vn -0.0756 0.9971 -0.0000
vn 0.0756 -0.9971 -0.0000
vn -0.3164 -0.9486 -0.0000
vn 0.2945 0.9557 -0.0000
vn 0.1945 0.9809 -0.0000
vn -0.4480 -0.8940 -0.0000
vn -0.4481 -0.8940 -0.0000
vn 0.9717 0.2361 -0.0000
vn 0.2786 -0.9604 -0.0000
vn -0.3554 0.9347 -0.0000
vn -0.3553 0.9347 -0.0000
vn 0.9595 0.2818 -0.0000
vn 0.5216 0.8532 -0.0000
vn 0.8057 0.5924 -0.0000
vn -0.7680 -0.6405 -0.0000
vn -0.3981 -0.9173 -0.0000
vn 0.0626 -0.9980 -0.0000
vn -0.0626 0.9980 -0.0000
vn -0.4529 -0.8916 -0.0000
vn 0.3054 0.9522 -0.0000
vn -0.4227 -0.9063 -0.0000
vn 0.4501 0.8930 -0.0000
vn 0.6028 0.7979 -0.0000
vn -0.6028 -0.7979 -0.0000
vn -0.9188 -0.3947 -0.0000
vn -0.6361 -0.7716 -0.0000
vn 0.7716 -0.6361 -0.0000
vn -0.7716 0.6361 -0.0000
vn 0.4284 -0.9036 -0.0000
vn -0.5471 0.8371 -0.0000
vn 0.7610 0.6487 -0.0000
vn -0.5305 0.8477 -0.0000
vn 0.5305 -0.8477 -0.0000
vn 0.8671 0.4982 -0.0000
vn 0.9927 -0.1206 -0.0000
vn 0.9999 -0.0136 -0.0000
vn -0.9999 0.0136 -0.0000
vn -0.8877 0.4605 -0.0000
vn -0.9362 0.3515 -0.0000
vn 0.8813 -0.4726 -0.0000
vn 0.7017 -0.7124 -0.0000
vn -0.7017 0.7124 -0.0000
vn -0.3173 0.9483 -0.0000
vn 0.4982 -0.8671 -0.0000
vn 0.1391 0.9903 -0.0000
vn 0.2457 -0.9694 -0.0000
vn -0.9905 -0.1372 -0.0000
vn -0.9646 -0.2636 -0.0000
vn 0.8981 -0.4398 -0.0000
vn 0.9929 -0.1187 -0.0000
vn -0.9890 0.1476 -0.0000
vn -0.8928 0.4505 -0.0000
vn -0.6872 0.7265 -0.0000
vn 0.6340 -0.7733 -0.0000
vn 0.2032 -0.9791 -0.0000
vn -0.1429 0.9897 -0.0000
vn -0.9404 -0.3400 -0.0000
vn 0.5826 0.8128 -0.0000
vn -0.9986 0.0532 -0.0000
vn 0.9986 -0.0532 -0.0000
vn 0.8874 -0.4609 -0.0000
vn -0.7331 0.6802 -0.0000
vn -0.7278 0.6858 -0.0000
vn 0.5113 -0.8594 -0.0000
vn 0.1032 -0.9947 -0.0000
vn -0.3542 0.9352 -0.0000
vn -0.1452 -0.9894 -0.0000
vn 0.1452 0.9894 -0.0000
vn -0.9924 -0.1227 -0.0000
vn 0.5149 -0.8573 -0.0000
vn -0.9973 -0.0741 -0.0000
vn 0.8773 -0.4800 -0.0000
vn -0.7613 0.6484 -0.0000
vn -0.1333 0.9911 -0.0000
vn -0.0935 -0.9956 -0.0000
vn -0.5826 -0.8128 -0.0000
vn 0.5647 0.8253 -0.0000
vn -0.8829 -0.4696 -0.0000
vn -0.8015 0.5980 -0.0000
vn 0.8015 -0.5980 -0.0000
vn 0.6103 -0.7921 -0.0000
vn -0.6103 0.7921 -0.0000
vn -0.2317 0.9728 -0.0000
vn 0.2654 -0.9642 -0.0000
vn -0.2943 -0.9557 -0.0000
vn 0.0746 0.9972 -0.0000
vn -0.6040 -0.7970 -0.0000
vn 0.6040 0.7970 -0.0000
vn 0.8323 0.5544 -0.0000
vn -0.8054 -0.5927 -0.0000
vn -0.9991 -0.0413 -0.0000
vn -0.9357 -0.3528 -0.0000
vn 0.9357 0.3528 -0.0000
vn 0.9896 -0.1441 -0.0000
vn -0.0863 0.9963 -0.0000
vn 0.0833 0.9965 -0.0000
vn -0.0834 -0.9965 -0.0000
vn 0.8478 0.5303 -0.0000
vn 0.6471 0.7624 -0.0000
vn -0.5610 -0.8278 -0.0000
vn -0.8007 -0.5990 -0.0000
vn -0.9574 -0.2888 -0.0000
vn 0.7485 0.6631 -0.0000
vn 1.0000 0.0086 -0.0000
vn -0.9999 0.0114 -0.0000
vn -0.2919 0.9565 -0.0000
vn 0.1192 0.9929 -0.0000
vn -0.1192 -0.9929 -0.0000
vn 0.6420 0.7667 -0.0000
vn -0.5693 -0.8221 -0.0000
vn -0.9606 -0.2778 -0.0000
vn -0.8002 -0.5998 -0.0000
vn 0.6011 0.7992 -0.0000
vn 0.9142 0.4053 -0.0000
vn 0.9991 0.0415 -0.0000
vn -0.9994 -0.0334 -0.0000
vn -0.2785 0.9604 -0.0000
vn -0.3283 -0.9446 -0.0000
vn 0.4839 0.8751 -0.0000
vn 0.0861 0.9963 -0.0000
vn -0.6330 -0.7742 -0.0000
vn -0.9156 -0.4021 -0.0000
vn 0.8942 0.4477 -0.0000
vn 0.9513 0.3083 -0.0000
vn -0.9996 0.0267 -0.0000
vn -0.9818 0.1897 -0.0000
vn 0.9818 -0.1897 -0.0000
vn -0.8371 0.5471 -0.0000
vn 0.7587 -0.6515 -0.0000
vn 0.6687 -0.7436 -0.0000
vn 0.7405 0.6721 -0.0000
vn -0.5459 -0.8379 -0.0000
vn -0.7405 -0.6721 -0.0000
vn -0.8891 0.4577 -0.0000
vn 0.5711 0.8209 -0.0000
vn -0.4606 0.8876 -0.0000
vn -0.6253 0.7804 -0.0000
vn 0.6253 -0.7804 -0.0000
vn -0.6264 0.7795 -0.0000
vn 0.6264 -0.7795 -0.0000
vn -0.6363 0.7715 -0.0000
vn 0.6363 -0.7715 -0.0000
vn 0.6274 -0.7787 -0.0000
vn -0.6306 0.7761 -0.0000
vn -0.9126 0.4089 -0.0000
vn 0.3453 0.9385 -0.0000
vn -0.9060 -0.4233 -0.0000
vn -0.6013 -0.7991 -0.0000
vn 0.6244 0.7811 -0.0000
vn -0.6699 -0.7424 -0.0000
vn 0.6110 0.7916 -0.0000
vn -0.9279 -0.3728 -0.0000
vn -0.4011 0.9161 -0.0000
vn -0.8750 0.4841 -0.0000
vn -0.2152 0.9766 -0.0000
vn -0.7816 0.6237 -0.0000
vn -0.9518 -0.3067 -0.0000
vn -0.9903 -0.1386 -0.0000
vn -0.6363 -0.7715 -0.0000
vn -0.6261 -0.7798 -0.0000
vn 0.6407 0.7678 -0.0000
vn 0.6038 0.7972 -0.0000
vn -0.5789 -0.8154 -0.0000
vn -0.6342 -0.7732 -0.0000
vn 0.5955 0.8034 -0.0000
vn -0.6879 -0.7258 -0.0000
vn 0.6466 0.7629 -0.0000
vn -0.0989 0.9951 -0.0000
vn -0.8029 -0.5961 -0.0000
vn -0.9965 -0.0830 -0.0000
vn 0.0287 0.9996 -0.0000
vn -0.6632 0.7484 -0.0000
vn -0.9924 -0.1228 -0.0000
vn -0.0492 0.9988 -0.0000
vn -0.9117 0.4109 -0.0000
vn -0.5055 0.8628 -0.0000
vn 0.5139 -0.8578 -0.0000
vn -0.1094 0.9940 -0.0000
vn 0.2158 -0.9764 -0.0000
vn 0.2159 -0.9764 -0.0000
vn -0.4042 -0.9147 -0.0000
vn 0.1261 -0.9920 -0.0000
vn 0.1968 0.9804 -0.0000
vn 0.5471 0.8371 -0.0000
vn 0.7613 0.6484 -0.0000
vn -0.7221 -0.6918 -0.0000
vn 0.9891 0.1474 -0.0000
vn -0.9893 -0.1461 -0.0000
vn -0.9869 0.1616 -0.0000
vn 0.9310 0.3651 -0.0000
vn 0.8279 0.5609 -0.0000
vn -0.9498 -0.3130 -0.0000
vn -0.8956 -0.4449 -0.0000
vn 0.6874 0.7263 -0.0000
vn 0.5635 0.8261 -0.0000
vn -0.8852 -0.4651 -0.0000
vn -0.6345 0.7729 -0.0000
vn 0.6345 -0.7729 -0.0000
vn -0.6380 0.7700 -0.0000
vn 0.7897 -0.6135 -0.0000
vn 0.9423 -0.3347 -0.0000
vn -0.7741 0.6331 -0.0000
vn -0.9946 0.1034 -0.0000
vn -0.8152 0.5792 -0.0000
vn 0.9885 -0.1510 -0.0000
vn 0.9713 0.2379 -0.0000
vn 0.8734 0.4869 -0.0000
vn -0.9879 -0.1548 -0.0000
vn -0.8388 -0.5444 -0.0000
vn 0.6148 0.7887 -0.0000
vn -0.7361 0.6769 -0.0000
vn 0.6511 0.7590 -0.0000
vn -0.5654 -0.8248 -0.0000
vn 0.5986 -0.8011 -0.0000
vn -0.5986 0.8011 -0.0000
vn -0.6706 0.7418 -0.0000
vn 0.8506 -0.5258 -0.0000
vn 0.9529 -0.3033 -0.0000
vn 0.7929 -0.6093 -0.0000
vn -0.6935 0.7204 -0.0000
vn -0.9837 0.1798 -0.0000
vn -0.9589 0.2838 -0.0000
vn 0.9967 0.0806 -0.0000
vn 0.8840 0.4675 -0.0000
vn -0.9863 -0.1648 -0.0000
vn -0.6554 -0.7553 -0.0000
vn -0.8846 -0.4664 -0.0000
vn 0.7145 0.6996 -0.0000
vn 0.3911 0.9203 -0.0000
vn 0.0614 0.9981 -0.0000
vn 0.0613 0.9981 -0.0000
vn -0.2593 -0.9658 -0.0000
vn -0.6413 0.7673 -0.0000
vn 0.6413 -0.7673 -0.0000
vn 0.8420 0.5395 -0.0000
vn 0.5396 -0.8420 -0.0000
vn 0.5395 -0.8420 -0.0000
vn -0.5396 0.8420 -0.0000
vn -0.5395 0.8420 -0.0000
vn 0.8719 0.4896 -0.0000
vn -0.8672 -0.4980 -0.0000
vn 0.3531 -0.9356 -0.0000
vn 0.9945 0.1051 -0.0000
vn -0.9990 -0.0444 -0.0000
vn -0.9679 -0.2512 -0.0000
vn -0.2512 0.9679 -0.0000
vn 0.2512 -0.9679 -0.0000
vn 0.4831 0.8756 -0.0000
vn -0.5980 -0.8015 -0.0000
vn -0.9883 0.1524 -0.0000
vn -0.1524 -0.9883 -0.0000
vn 0.1524 0.9883 -0.0000
vn 0.6700 0.7423 -0.0000
vn -0.6503 -0.7596 -0.0000
vn 0.6503 0.7596 -0.0000
vn 0.5825 0.8128 -0.0000
vn 0.6503 0.7597 -0.0000
vn -0.6503 -0.7597 -0.0000
vn 0.6295 0.7770 -0.0000
vn 0.4999 0.8661 -0.0000
vn -0.6745 0.7382 -0.0000
vn -0.8178 0.5755 -0.0000
vn -0.1260 0.9920 -0.0000
vn -0.9979 -0.0644 -0.0000
vn -0.0000 -1.0000 -0.0000
vn 0.3480 0.9375 -0.0000
vn -0.0000 1.0000 -0.0000
vn 0.9691 -0.2466 -0.0000
vn -0.9902 0.1396 -0.0000
vn 0.8738 0.4864 -0.0000
vn -0.8738 -0.4864 -0.0000
vn -0.5036 0.8639 -0.0000
vn 0.5036 -0.8639 -0.0000
vn 0.8725 0.4886 -0.0000
vn 0.9329 0.3603 -0.0000
vn 0.9958 -0.0915 -0.0000
vn 0.9316 -0.3636 -0.0000
vn 0.9910 0.1340 -0.0000
vn 0.7630 0.6463 -0.0000
vn 0.5005 0.8657 -0.0000
vn 0.9037 -0.4281 -0.0000
vn 0.8531 -0.5217 -0.0000
vn 0.7369 -0.6760 -0.0000
vn 0.2396 -0.9709 -0.0000
vn 0.4472 -0.8945 -0.0000
vn 0.4472 -0.8944 -0.0000
vn 0.3262 -0.9453 -0.0000
vn -0.0866 -0.9962 -0.0000
vn 0.0711 -0.9975 -0.0000
vn -0.3062 -0.9520 -0.0000
vn -0.8725 -0.4886 -0.0000
vn -0.8844 -0.4667 -0.0000
vn -0.8220 -0.5695 -0.0000
vn -0.8821 -0.4710 -0.0000
vn -0.5007 -0.8656 -0.0000
vn -0.1610 -0.9869 -0.0000
vn -0.1611 -0.9869 -0.0000
vn -0.5248 -0.8512 -0.0000
vn -0.8597 -0.5108 -0.0000
vn -0.9757 -0.2192 -0.0000
vn -0.8619 -0.5071 -0.0000
vn -0.9844 -0.1760 -0.0000
vn -0.5195 0.8545 -0.0000
vn -0.5195 0.8545 -0.0083
vn -0.5194 0.8544 -0.0166
vn 0.5398 -0.8418 -0.0000
vn 0.5036 -0.8639 0.0041
vn -0.8602 0.5099 -0.0000
vn -0.8602 0.5100 -0.0000
vn -0.8247 0.5656 -0.0000
vn -0.8376 0.5459 -0.0186
vn -0.9536 0.3010 -0.0000
vn 0.4681 -0.8837 0.0040
vn -0.5195 0.8544 -0.0083
vn -0.2936 0.9559 -0.0000
vn -0.0350 0.9994 -0.0000
vn -0.2179 0.9760 -0.0000
vn 0.2105 0.9776 -0.0000
s 0
usemtl Material.001
f 1//1 2//1 3//1
f 1//1 3//1 4//1
f 5//2 6//2 7//2
f 7//2 8//2 9//2
f 9//2 10//2 11//2
f 9//2 11//2 12//2
f 5//2 7//2 9//2
f 3//2 13//2 14//2
f 5//2 9//2 12//2
f 4//2 3//2 14//2
f 5//2 12//2 15//2
f 16//2 4//2 14//2
f 5//2 15//2 17//2
f 18//2 16//2 14//2
f 5//2 17//2 19//2
f 20//2 18//2 14//2
f 5//2 19//2 21//2
f 22//2 20//2 14//2
f 5//2 21//2 23//2
f 24//2 22//2 14//2
f 5//2 23//2 25//2
f 26//2 24//2 14//2
f 5//2 25//2 27//2
f 28//2 26//2 14//2
f 5//2 27//2 29//2
f 30//2 28//2 14//2
f 5//2 29//2 31//2
f 32//2 30//2 14//2
f 5//2 31//2 33//2
f 34//2 32//2 14//2
f 5//2 33//2 35//2
f 36//2 34//2 14//2
f 5//2 35//2 37//2
f 38//2 36//2 14//2
f 5//2 37//2 39//2
f 40//2 38//2 14//2
f 5//2 39//2 41//2
f 42//2 40//2 14//2
f 5//2 41//2 43//2
f 44//2 42//2 14//2
f 14//2 5//2 43//2
f 43//2 45//2 46//2
f 47//2 48//2 49//2
f 43//2 46//2 47//2
f 50//2 44//2 14//2
f 14//2 43//2 47//2
f 47//3 49//3 51//3
f 51//2 52//2 53//2
f 54//2 55//2 56//2
f 51//2 53//2 54//2
f 14//2 47//2 51//2
f 57//2 50//2 14//2
f 58//2 57//2 14//2
f 14//2 51//2 54//2
f 56//4 59//4 60//4
f 14//2 54//2 56//2
f 61//2 58//2 14//2
f 62//2 61//2 14//2
f 14//2 56//2 60//2
f 60//2 63//2 64//2
f 64//2 65//2 66//2
f 66//2 67//2 68//2
f 68//2 69//2 70//2
f 70//2 71//2 72//2
f 72//2 73//2 74//2
f 74//2 75//2 76//2
f 72//2 74//2 76//2
f 68//2 70//2 72//2
f 64//2 66//2 68//2
f 14//2 60//2 64//2
f 77//2 62//2 14//2
f 78//2 77//2 14//2
f 14//2 64//2 68//2
f 68//2 72//2 76//2
f 76//2 78//2 14//2
f 68//2 76//2 14//2
f 79//2 80//2 7//2
f 79//2 7//2 6//2
f 81//5 82//5 83//5
f 81//5 83//5 84//5
f 85//6 86//6 87//6
f 87//6 88//6 89//6
f 87//6 89//6 90//6
f 91//6 85//6 87//6
f 83//6 92//6 93//6
f 91//6 87//6 90//6
f 84//6 83//6 93//6
f 91//6 90//6 94//6
f 95//6 84//6 93//6
f 91//6 94//6 96//6
f 97//6 95//6 93//6
f 91//6 96//6 98//6
f 99//6 97//6 93//6
f 91//6 98//6 100//6
f 101//6 99//6 93//6
f 91//6 100//6 102//6
f 103//6 101//6 93//6
f 91//6 102//6 104//6
f 105//6 103//6 93//6
f 91//6 104//6 106//6
f 107//6 105//6 93//6
f 91//6 106//6 108//6
f 109//6 107//6 93//6
f 91//6 108//6 110//6
f 111//6 109//6 93//6
f 91//6 110//6 112//6
f 113//6 111//6 93//6
f 91//6 112//6 114//6
f 115//6 113//6 93//6
f 91//6 114//6 116//6
f 117//6 115//6 93//6
f 91//6 116//6 118//6
f 119//6 117//6 93//6
f 91//6 118//6 120//6
f 121//6 119//6 93//6
f 91//6 120//6 122//6
f 123//6 121//6 93//6
f 91//6 122//6 124//6
f 125//6 123//6 93//6
f 91//6 124//6 126//6
f 127//6 125//6 93//6
f 91//6 126//6 128//6
f 129//6 127//6 93//6
f 91//6 128//6 130//6
f 131//6 129//6 93//6
f 91//6 130//6 132//6
f 131//6 93//6 91//6
f 133//6 134//6 131//6
f 135//6 136//6 137//6
f 137//6 133//6 131//6
f 91//6 132//6 138//6
f 137//6 131//6 91//6
f 139//6 135//6 137//6
f 140//6 141//6 139//6
f 142//6 140//6 139//6
f 139//6 137//6 91//6
f 91//6 138//6 143//6
f 143//6 144//6 145//6
f 145//6 146//6 147//6
f 147//6 148//6 149//6
f 149//6 150//6 151//6
f 151//6 152//6 153//6
f 153//6 154//6 155//6
f 155//7 156//7 157//7
f 158//6 142//6 139//6
f 153//6 155//6 157//6
f 157//6 158//6 139//6
f 91//6 143//6 145//6
f 157//6 139//6 91//6
f 151//6 153//6 157//6
f 147//6 149//6 151//6
f 91//6 145//6 147//6
f 151//6 157//6 91//6
f 147//6 151//6 91//6
f 159//6 160//6 86//6
f 159//6 86//6 85//6
f 161//8 162//8 137//8
f 161//8 137//8 136//8
f 163//9 164//9 86//9
f 163//9 86//9 160//9
f 91//10 14//10 13//10
f 91//10 13//10 85//10
f 5//11 93//11 92//11
f 5//11 92//11 6//11
f 93//12 5//12 14//12
f 93//12 14//12 91//12
f 79//13 6//13 92//13
f 79//13 92//13 165//13
f 166//14 167//14 113//14
f 166//14 113//14 115//14
f 168//14 169//14 121//14
f 168//14 121//14 123//14
f 170//14 171//14 117//14
f 170//14 117//14 119//14
f 172//15 173//15 129//15
f 172//15 129//15 131//15
f 174//16 175//16 134//16
f 174//16 134//16 133//16
f 176//14 177//14 125//14
f 176//14 125//14 127//14
f 169//14 170//14 119//14
f 169//14 119//14 121//14
f 171//14 166//14 115//14
f 171//14 115//14 117//14
f 162//17 174//17 133//17
f 162//17 133//17 137//17
f 178//14 179//14 105//14
f 178//14 105//14 107//14
f 180//14 181//14 109//14
f 180//14 109//14 111//14
f 167//14 180//14 111//14
f 167//14 111//14 113//14
f 25//14 23//14 182//14
f 25//14 182//14 183//14
f 23//14 21//14 184//14
f 23//14 184//14 182//14
f 19//14 17//14 185//14
f 19//14 185//14 186//14
f 47//17 46//17 187//17
f 47//17 187//17 188//17
f 29//14 27//14 189//14
f 29//14 189//14 190//14
f 33//14 31//14 191//14
f 33//14 191//14 192//14
f 39//14 37//14 193//14
f 39//14 193//14 194//14
f 46//16 45//16 195//16
f 46//16 195//16 187//16
f 43//15 41//15 196//15
f 43//15 196//15 197//15
f 31//14 29//14 190//14
f 31//14 190//14 191//14
f 35//14 33//14 192//14
f 35//14 192//14 198//14
f 27//14 25//14 183//14
f 27//14 183//14 189//14
f 199//9 3//9 2//9
f 199//9 2//9 200//9
f 48//8 47//8 188//8
f 48//8 188//8 201//8
f 8//5 7//5 202//5
f 8//5 202//5 203//5
f 204//1 164//1 2//1
f 204//1 2//1 1//1
f 21//14 19//14 186//14
f 21//14 186//14 184//14
f 181//14 178//14 107//14
f 181//14 107//14 109//14
f 12//14 11//14 205//14
f 12//14 205//14 206//14
f 207//14 208//14 99//14
f 207//14 99//14 101//14
f 179//14 209//14 103//14
f 179//14 103//14 105//14
f 17//14 15//14 210//14
f 17//14 210//14 185//14
f 45//18 43//18 197//18
f 45//18 197//18 195//18
f 175//18 172//18 131//18
f 175//18 131//18 134//18
f 41//14 39//14 194//14
f 41//14 194//14 196//14
f 173//14 176//14 127//14
f 173//14 127//14 129//14
f 37//14 35//14 198//14
f 37//14 198//14 193//14
f 177//14 168//14 123//14
f 177//14 123//14 125//14
f 10//19 9//19 211//19
f 10//19 211//19 212//19
f 213//19 214//19 95//19
f 213//19 95//19 97//19
f 9//20 8//20 203//20
f 9//20 203//20 211//20
f 214//20 81//20 84//20
f 214//20 84//20 95//20
f 208//14 213//14 97//14
f 208//14 97//14 99//14
f 11//14 10//14 212//14
f 11//14 212//14 205//14
f 209//14 207//14 101//14
f 209//14 101//14 103//14
f 15//14 12//14 206//14
f 15//14 206//14 210//14
f 59//13 56//13 215//13
f 59//13 215//13 216//13
f 217//13 218//13 157//13
f 217//13 157//13 156//13
f 53//13 52//13 219//13
f 53//13 219//13 220//13
f 221//13 222//13 141//13
f 221//13 141//13 140//13
f 223//13 224//13 142//13
f 223//13 142//13 158//13
f 55//13 54//13 225//13
f 55//13 225//13 226//13
f 51//21 49//21 227//21
f 51//21 227//21 228//21
f 229//21 230//21 135//21
f 229//21 135//21 139//21
f 49//22 48//22 201//22
f 49//22 201//22 227//22
f 230//22 161//22 136//22
f 230//22 136//22 135//22
f 222//23 229//23 139//23
f 222//23 139//23 141//23
f 52//23 51//23 228//23
f 52//23 228//23 219//23
f 224//13 221//13 140//13
f 224//13 140//13 142//13
f 54//13 53//13 220//13
f 54//13 220//13 225//13
f 56//13 55//13 226//13
f 56//13 226//13 215//13
f 218//13 223//13 158//13
f 218//13 158//13 157//13
f 231//24 232//24 153//24
f 231//24 153//24 152//24
f 65//24 64//24 233//24
f 65//24 233//24 234//24
f 235//25 236//25 155//25
f 235//25 155//25 154//25
f 63//25 60//25 237//25
f 63//25 237//25 238//25
f 64//26 63//26 238//26
f 64//26 238//26 233//26
f 232//26 235//26 154//26
f 232//26 154//26 153//26
f 236//13 217//13 156//13
f 236//13 156//13 155//13
f 60//13 59//13 216//13
f 60//13 216//13 237//13
f 67//27 66//27 239//27
f 67//27 239//27 240//27
f 241//27 242//27 151//27
f 241//27 151//27 150//27
f 66//28 65//28 234//28
f 66//28 234//28 239//28
f 242//28 231//28 152//28
f 242//28 152//28 151//28
f 243//29 241//29 150//29
f 243//29 150//29 149//29
f 68//29 67//29 240//29
f 68//29 240//29 244//29
f 245//30 246//30 247//30
f 245//30 247//30 248//30
f 248//30 247//30 44//30
f 248//30 44//30 50//30
f 249//31 250//31 76//31
f 249//31 76//31 75//31
f 251//31 252//31 250//31
f 251//31 250//31 249//31
f 253//30 254//30 61//30
f 253//30 61//30 62//30
f 255//30 256//30 254//30
f 255//30 254//30 253//30
f 257//30 258//30 259//30
f 257//30 259//30 260//30
f 260//30 259//30 77//30
f 260//30 77//30 78//30
f 261//30 262//30 57//30
f 261//30 57//30 58//30
f 263//30 264//30 262//30
f 263//30 262//30 261//30
f 265//32 266//32 267//32
f 265//32 267//32 268//32
f 268//32 267//32 72//32
f 268//32 72//32 71//32
f 269//33 270//33 271//33
f 269//33 271//33 272//33
f 272//33 271//33 74//33
f 272//33 74//33 73//33
f 273//34 274//34 70//34
f 273//34 70//34 69//34
f 275//34 276//34 274//34
f 275//34 274//34 273//34
f 243//35 275//35 273//35
f 243//35 273//35 244//35
f 244//35 273//35 69//35
f 244//35 69//35 68//35
f 274//36 268//36 71//36
f 274//36 71//36 70//36
f 276//36 265//36 268//36
f 276//36 268//36 274//36
f 267//37 272//37 73//37
f 267//37 73//37 72//37
f 266//37 269//37 272//37
f 266//37 272//37 267//37
f 270//33 251//33 249//33
f 270//33 249//33 271//33
f 271//33 249//33 75//33
f 271//33 75//33 74//33
f 250//30 260//30 78//30
f 250//30 78//30 76//30
f 252//30 257//30 260//30
f 252//30 260//30 250//30
f 258//30 255//30 253//30
f 258//30 253//30 259//30
f 259//30 253//30 62//30
f 259//30 62//30 77//30
f 256//30 263//30 261//30
f 256//30 261//30 254//30
f 254//30 261//30 58//30
f 254//30 58//30 61//30
f 262//30 248//30 50//30
f 262//30 50//30 57//30
f 264//30 245//30 248//30
f 264//30 248//30 262//30
f 277//30 278//30 279//30
f 277//30 279//30 280//30
f 280//30 279//30 28//30
f 280//30 28//30 30//30
f 281//30 282//30 283//30
f 281//30 283//30 284//30
f 284//30 283//30 20//30
f 284//30 20//30 22//30
f 285//30 286//30 24//30
f 285//30 24//30 26//30
f 287//30 288//30 286//30
f 287//30 286//30 285//30
f 98//30 96//30 288//30
f 98//30 288//30 287//30
f 94//30 90//30 282//30
f 94//30 282//30 281//30
f 102//30 100//30 278//30
f 102//30 278//30 277//30
f 120//30 118//30 245//30
f 120//30 245//30 264//30
f 124//30 122//30 263//30
f 124//30 263//30 256//30
f 128//30 126//30 255//30
f 128//30 255//30 258//30
f 132//30 130//30 257//30
f 132//30 257//30 252//30
f 143//33 138//33 251//33
f 143//33 251//33 270//33
f 145//37 144//37 269//37
f 145//37 269//37 266//37
f 147//36 146//36 265//36
f 147//36 265//36 276//36
f 149//35 148//35 275//35
f 149//35 275//35 243//35
f 148//34 147//34 276//34
f 148//34 276//34 275//34
f 144//33 143//33 270//33
f 144//33 270//33 269//33
f 146//32 145//32 266//32
f 146//32 266//32 265//32
f 122//30 120//30 264//30
f 122//30 264//30 263//30
f 130//30 128//30 258//30
f 130//30 258//30 257//30
f 126//30 124//30 256//30
f 126//30 256//30 255//30
f 138//31 132//31 252//31
f 138//31 252//31 251//31
f 118//30 116//30 246//30
f 118//30 246//30 245//30
f 244//29 240//29 241//29
f 244//29 241//29 243//29
f 239//28 234//28 231//28
f 239//28 231//28 242//28
f 240//27 239//27 242//27
f 240//27 242//27 241//27
f 237//13 216//13 217//13
f 237//13 217//13 236//13
f 233//26 238//26 235//26
f 233//26 235//26 232//26
f 238//25 237//25 236//25
f 238//25 236//25 235//25
f 234//24 233//24 232//24
f 234//24 232//24 231//24
f 215//13 226//13 223//13
f 215//13 223//13 218//13
f 225//13 220//13 221//13
f 225//13 221//13 224//13
f 219//23 228//23 229//23
f 219//23 229//23 222//23
f 227//22 201//22 161//22
f 227//22 161//22 230//22
f 228//21 227//21 230//21
f 228//21 230//21 229//21
f 226//13 225//13 224//13
f 226//13 224//13 223//13
f 220//13 219//13 222//13
f 220//13 222//13 221//13
f 216//13 215//13 218//13
f 216//13 218//13 217//13
f 210//14 206//14 207//14
f 210//14 207//14 209//14
f 205//14 212//14 213//14
f 205//14 213//14 208//14
f 211//20 203//20 81//20
f 211//20 81//20 214//20
f 212//19 211//19 214//19
f 212//19 214//19 213//19
f 193//14 198//14 168//14
f 193//14 168//14 177//14
f 196//14 194//14 176//14
f 196//14 176//14 173//14
f 195//18 197//18 172//18
f 195//18 172//18 175//18
f 185//14 210//14 209//14
f 185//14 209//14 179//14
f 206//14 205//14 208//14
f 206//14 208//14 207//14
f 184//14 186//14 178//14
f 184//14 178//14 181//14
f 87//1 86//1 164//1
f 87//1 164//1 204//1
f 183//14 182//14 180//14
f 183//14 180//14 167//14
f 182//14 184//14 181//14
f 182//14 181//14 180//14
f 186//14 185//14 179//14
f 186//14 179//14 178//14
f 188//17 187//17 174//17
f 188//17 174//17 162//17
f 190//14 189//14 166//14
f 190//14 166//14 171//14
f 192//14 191//14 170//14
f 192//14 170//14 169//14
f 194//14 193//14 177//14
f 194//14 177//14 176//14
f 187//16 195//16 175//16
f 187//16 175//16 174//16
f 197//15 196//15 173//15
f 197//15 173//15 172//15
f 191//14 190//14 171//14
f 191//14 171//14 170//14
f 198//14 192//14 169//14
f 198//14 169//14 168//14
f 189//14 183//14 167//14
f 189//14 167//14 166//14
f 200//9 2//9 164//9
f 200//9 164//9 163//9
f 201//8 188//8 162//8
f 201//8 162//8 161//8
f 203//5 202//5 82//5
f 203//5 82//5 81//5
f 96//30 94//30 281//30
f 96//30 281//30 288//30
f 286//30 284//30 22//30
f 286//30 22//30 24//30
f 288//30 281//30 284//30
f 288//30 284//30 286//30
f 100//30 98//30 287//30
f 100//30 287//30 278//30
f 278//30 287//30 285//30
f 278//30 285//30 279//30
f 279//30 285//30 26//30
f 279//30 26//30 28//30
f 110//30 108//30 289//30
f 110//30 289//30 290//30
f 291//30 292//30 36//30
f 291//30 36//30 38//30
f 290//30 289//30 292//30
f 290//30 292//30 291//30
f 106//30 104//30 293//30
f 106//30 293//30 294//30
f 295//30 296//30 32//30
f 295//30 32//30 34//30
f 294//30 293//30 296//30
f 294//30 296//30 295//30
f 289//30 294//30 295//30
f 289//30 295//30 292//30
f 292//30 295//30 34//30
f 292//30 34//30 36//30
f 108//30 106//30 294//30
f 108//30 294//30 289//30
f 104//30 102//30 277//30
f 104//30 277//30 293//30
f 296//30 280//30 30//30
f 296//30 30//30 32//30
f 293//30 277//30 280//30
f 293//30 280//30 296//30
f 297//30 298//30 299//30
f 297//30 299//30 300//30
f 300//30 299//30 40//30
f 300//30 40//30 42//30
f 114//30 112//30 298//30
f 114//30 298//30 297//30
f 298//30 290//30 291//30
f 298//30 291//30 299//30
f 299//30 291//30 38//30
f 299//30 38//30 40//30
f 112//30 110//30 290//30
f 112//30 290//30 298//30
f 116//30 114//30 297//30
f 116//30 297//30 246//30
f 247//30 300//30 42//30
f 247//30 42//30 44//30
f 246//30 297//30 300//30
f 246//30 300//30 247//30
f 89//38 88//38 301//38
f 89//39 301//39 302//39
f 302//38 301//38 303//38
f 302//39 303//39 304//39
f 304//38 303//38 16//38
f 304//39 16//39 18//39
f 283//40 304//40 18//40
f 283//40 18//40 20//40
f 282//40 302//40 304//40
f 282//40 304//40 283//40
f 90//40 89//40 302//40
f 90//40 302//40 282//40
f 88//41 87//41 204//41
f 88//41 204//41 301//41
f 301//41 204//41 1//41
f 301//41 1//41 303//41
f 303//41 1//41 4//41
f 303//41 4//41 16//41
f 305//12 306//12 307//12
f 305//12 307//12 308//12
f 309//12 310//12 306//12
f 309//12 306//12 305//12
f 311//13 312//13 313//13
f 311//13 313//13 314//13
f 308//12 307//12 315//12
f 308//12 315//12 316//12
f 317//6 316//6 315//6
f 317//6 315//6 313//6
f 311//2 318//2 310//2
f 311//2 310//2 312//2
f 319//2 320//2 321//2
f 319//2 321//2 322//2
f 319//13 322//13 323//13
f 319//13 323//13 324//13
f 325//42 326//42 327//42
f 325//42 327//42 328//42
f 329//12 321//12 326//12
f 329//43 326//43 325//43
f 328//44 327//44 330//44
f 328//12 330//12 331//12
f 332//6 331//6 330//6
f 332//6 330//6 323//6
f 314//6 333//6 334//6
f 314//6 334//6 335//6
f 336//12 337//12 334//12
f 336//12 334//12 333//12
f 318//12 338//12 339//12
f 318//12 339//12 340//12
f 340//12 339//12 337//12
f 340//12 337//12 336//12
f 341//2 329//2 338//2
f 341//2 338//2 342//2
f 341//45 342//45 335//45
f 341//46 335//46 332//46
f 343//13 344//13 345//13
f 343//13 345//13 159//13
f 343//2 199//2 346//2
f 343//2 346//2 344//2
f 347//47 348//47 349//47
f 347//47 349//47 350//47
f 320//47 346//47 348//47
f 320//47 348//47 347//47
f 350//47 349//47 351//47
f 350//47 351//47 352//47
f 324//6 352//6 351//6
f 324//6 351//6 345//6
f 323//6 330//6 352//6
f 323//6 352//6 324//6
f 327//48 350//48 352//48
f 327//49 352//49 330//49
f 321//48 320//48 347//48
f 321//48 347//48 326//48
f 326//48 347//48 350//48
f 326//48 350//48 327//48
f 344//13 319//13 324//13
f 344//13 324//13 345//13
f 344//2 346//2 320//2
f 344//2 320//2 319//2
f 13//2 3//2 199//2
f 13//2 199//2 343//2
f 13//13 343//13 159//13
f 13//13 159//13 85//13
f 348//50 200//50 163//50
f 348//50 163//50 349//50
f 346//50 199//50 200//50
f 346//50 200//50 348//50
f 349//50 163//50 160//50
f 349//50 160//50 351//50
f 345//6 351//6 160//6
f 345//6 160//6 159//6
f 322//51 341//51 332//51
f 322//13 332//13 323//13
f 322//2 321//2 329//2
f 322//2 329//2 341//2
f 335//6 334//6 331//6
f 335//6 331//6 332//6
f 337//12 328//12 331//12
f 337//12 331//12 334//12
f 338//43 329//43 325//43
f 338//12 325//12 339//12
f 339//12 325//12 328//12
f 339//12 328//12 337//12
f 306//12 340//12 336//12
f 306//12 336//12 307//12
f 310//12 318//12 340//12
f 310//12 340//12 306//12
f 307//12 336//12 333//12
f 307//12 333//12 315//12
f 313//6 315//6 333//6
f 313//6 333//6 314//6
f 342//2 338//2 318//2
f 342//2 318//2 311//2
f 342//13 311//13 314//13
f 342//13 314//13 335//13
f 353//6 354//6 355//6
f 353//6 355//6 356//6
f 357//52 358//52 355//52
f 357//52 355//52 354//52
f 359//52 360//52 361//52
f 359//52 361//52 362//52
f 362//52 361//52 358//52
f 362//52 358//52 357//52
f 363//13 364//13 356//13
f 363//13 356//13 365//13
f 363//2 366//2 360//2
f 363//2 360//2 364//2
f 367//2 309//2 368//2
f 367//2 368//2 369//2
f 367//13 369//13 370//13
f 367//13 370//13 317//13
f 365//6 371//6 372//6
f 365//6 372//6 370//6
f 373//12 374//12 372//12
f 373//12 372//12 371//12
f 366//12 368//12 375//12
f 366//12 375//12 376//12
f 376//12 375//12 374//12
f 376//12 374//12 373//12
f 361//12 376//12 373//12
f 361//12 373//12 358//12
f 360//12 366//12 376//12
f 360//12 376//12 361//12
f 358//12 373//12 371//12
f 358//12 371//12 355//12
f 356//6 355//6 371//6
f 356//6 371//6 365//6
f 369//2 368//2 366//2
f 369//2 366//2 363//2
f 369//13 363//13 365//13
f 369//13 365//13 370//13
f 312//13 367//13 317//13
f 312//13 317//13 313//13
f 312//2 310//2 309//2
f 312//2 309//2 367//2
f 370//6 372//6 316//6
f 370//6 316//6 317//6
f 374//12 308//12 316//12
f 374//12 316//12 372//12
f 368//12 309//12 305//12
f 368//12 305//12 375//12
f 375//12 305//12 308//12
f 375//12 308//12 374//12
f 377//53 378//53 379//53
f 377//53 379//53 380//53
f 80//53 381//53 378//53
f 80//53 378//53 377//53
f 380//53 379//53 382//53
f 380//53 382//53 383//53
f 165//6 383//6 382//6
f 165//6 382//6 384//6
f 385//13 386//13 384//13
f 385//13 384//13 353//13
f 385//2 359//2 381//2
f 385//2 381//2 386//2
f 364//2 360//2 359//2
f 364//2 359//2 385//2
f 364//13 385//13 353//13
f 364//13 353//13 356//13
f 378//54 362//54 357//54
f 378//54 357//54 379//54
f 381//54 359//54 362//54
f 381//54 362//54 378//54
f 379//54 357//54 354//54
f 379//54 354//54 382//54
f 384//6 382//6 354//6
f 384//6 354//6 353//6
f 92//6 83//6 383//6
f 92//6 383//6 165//6
f 82//55 380//55 383//55
f 82//55 383//55 83//55
f 7//55 80//55 377//55
f 7//55 377//55 202//55
f 202//55 377//55 380//55
f 202//55 380//55 82//55
f 386//13 79//13 165//13
f 386//13 165//13 384//13
f 386//2 381//2 80//2
f 386//2 80//2 79//2
f 387//56 388//56 389//56
f 387//56 389//56 390//56
f 390//2 389//2 391//2
f 390//2 391//2 392//2
f 391//57 393//57 394//57
f 391//57 394//57 395//57
f 396//6 393//6 388//6
f 396//6 388//6 387//6
f 390//58 392//58 396//58
f 390//58 396//58 387//58
f 391//57 389//57 388//57
f 391//57 388//57 393//57
f 394//6 397//6 398//6
f 394//6 398//6 399//6
f 392//2 391//2 395//2
f 392//2 395//2 400//2
f 393//6 396//6 397//6
f 393//6 397//6 394//6
f 396//58 392//58 400//58
f 396//58 400//58 397//58
f 401//59 402//59 399//59
f 401//59 399//59 398//59
f 397//60 400//60 403//60
f 397//60 403//60 404//60
f 399//61 402//61 405//61
f 399//61 405//61 406//61
f 400//2 395//2 402//2
f 400//2 402//2 401//2
f 407//6 406//6 408//6
f 407//6 408//6 409//6
f 402//2 395//2 410//2
f 402//2 410//2 405//2
f 395//62 394//62 407//62
f 395//62 407//62 410//62
f 394//6 399//6 406//6
f 394//6 406//6 407//6
f 411//2 412//2 413//2
f 411//2 413//2 414//2
f 410//63 407//63 409//63
f 410//63 409//63 412//63
f 405//2 410//2 412//2
f 405//2 412//2 411//2
f 406//64 405//64 411//64
f 406//64 411//64 408//64
f 415//6 416//6 417//6
f 415//6 417//6 418//6
f 408//65 411//65 414//65
f 408//66 414//66 416//66
f 409//6 408//6 416//6
f 409//6 416//6 415//6
f 412//67 409//67 415//67
f 412//67 415//67 413//67
f 419//68 418//68 420//68
f 419//68 420//68 421//68
f 413//68 415//68 418//68
f 413//68 418//68 419//68
f 414//2 413//2 419//2
f 414//2 419//2 422//2
f 416//69 414//69 422//69
f 416//69 422//69 417//69
f 423//2 421//2 424//2
f 423//2 424//2 425//2
f 422//2 419//2 421//2
f 422//2 421//2 423//2
f 417//69 422//69 423//69
f 417//69 423//69 426//69
f 418//6 417//6 426//6
f 418//6 426//6 420//6
f 427//6 428//6 429//6
f 427//6 429//6 430//6
f 426//70 423//70 425//70
f 426//70 425//70 428//70
f 420//6 426//6 428//6
f 420//6 428//6 427//6
f 421//71 420//71 427//71
f 421//71 427//71 424//71
f 431//2 432//2 433//2
f 431//2 433//2 434//2
f 424//72 427//72 430//72
f 424//72 430//72 432//72
f 425//2 424//2 432//2
f 425//2 432//2 431//2
f 428//73 425//73 431//73
f 428//74 431//74 429//74
f 433//75 435//75 436//75
f 433//75 436//75 434//75
f 429//76 431//76 434//76
f 429//76 434//76 436//76
f 430//6 429//6 436//6
f 430//6 436//6 435//6
f 432//77 430//77 435//77
f 432//78 435//78 433//78
f 403//2 437//2 438//2
f 403//2 438//2 439//2
f 398//6 397//6 404//6
f 398//6 404//6 440//6
f 401//79 398//79 440//79
f 401//79 440//79 437//79
f 400//2 401//2 437//2
f 400//2 437//2 403//2
f 438//80 441//80 442//80
f 438//80 442//80 443//80
f 437//81 440//81 441//81
f 437//81 441//81 438//81
f 440//6 404//6 444//6
f 440//6 444//6 441//6
f 404//82 403//82 439//82
f 404//82 439//82 444//82
f 442//6 445//6 446//6
f 442//6 446//6 447//6
f 441//6 444//6 445//6
f 441//6 445//6 442//6
f 444//83 439//83 448//83
f 444//83 448//83 445//83
f 439//2 438//2 443//2
f 439//2 443//2 448//2
f 449//2 450//2 451//2
f 449//2 451//2 452//2
f 445//84 448//84 449//84
f 445//84 449//84 446//84
f 448//2 443//2 450//2
f 448//2 450//2 449//2
f 443//85 442//85 447//85
f 443//85 447//85 450//85
f 453//6 454//6 455//6
f 453//6 455//6 456//6
f 450//85 447//85 453//85
f 450//85 453//85 451//85
f 447//6 446//6 454//6
f 447//6 454//6 453//6
f 446//84 449//84 452//84
f 446//84 452//84 454//84
f 456//6 455//6 457//6
f 456//6 457//6 458//6
f 454//86 452//86 459//86
f 454//86 459//86 455//86
f 452//2 451//2 460//2
f 452//2 460//2 459//2
f 451//87 453//87 456//87
f 451//87 456//87 460//87
f 461//2 462//2 463//2
f 461//2 463//2 464//2
f 455//88 459//88 461//88
f 455//88 461//88 457//88
f 459//2 460//2 462//2
f 459//2 462//2 461//2
f 460//89 456//89 458//89
f 460//89 458//89 462//89
f 465//6 466//6 467//6
f 465//6 467//6 468//6
f 462//90 458//90 465//90
f 462//90 465//90 463//90
f 458//6 457//6 466//6
f 458//6 466//6 465//6
f 457//91 461//91 464//91
f 457//91 464//91 466//91
f 467//92 469//92 470//92
f 467//92 470//92 471//92
f 466//93 464//93 469//93
f 466//93 469//93 467//93
f 464//2 463//2 472//2
f 464//2 472//2 469//2
f 472//2 463//2 473//2
f 472//2 473//2 474//2
f 474//2 473//2 475//2
f 474//2 475//2 476//2
f 465//6 468//6 477//6
f 465//6 477//6 478//6
f 468//94 472//94 474//94
f 468//94 474//94 477//94
f 463//95 465//95 478//95
f 463//95 478//95 473//95
f 479//6 480//6 481//6
f 479//6 481//6 482//6
f 477//96 474//96 476//96
f 477//96 476//96 480//96
f 478//6 477//6 480//6
f 478//6 480//6 479//6
f 473//97 478//97 479//97
f 473//97 479//97 475//97
f 483//98 482//98 481//98
f 483//98 481//98 484//98
f 475//99 479//99 482//99
f 475//99 482//99 483//99
f 476//2 475//2 483//2
f 476//2 483//2 484//2
f 480//100 476//100 484//100
f 480//100 484//100 481//100
f 470//2 485//2 486//2
f 470//2 486//2 487//2
f 469//2 472//2 485//2
f 469//2 485//2 470//2
f 472//101 468//101 488//101
f 472//101 488//101 485//101
f 468//6 467//6 471//6
f 468//6 471//6 488//6
f 486//102 489//102 490//102
f 486//102 490//102 491//102
f 485//103 488//103 489//103
f 485//103 489//103 486//103
f 488//6 471//6 492//6
f 488//6 492//6 489//6
f 471//104 470//104 487//104
f 471//104 487//104 492//104
f 490//6 493//6 494//6
f 490//6 494//6 495//6
f 489//6 492//6 493//6
f 489//6 493//6 490//6
f 492//105 487//105 496//105
f 492//105 496//105 493//105
f 487//2 486//2 491//2
f 487//2 491//2 496//2
f 497//2 498//2 499//2
f 497//2 499//2 500//2
f 493//106 496//106 497//106
f 493//106 497//106 494//106
f 496//2 491//2 498//2
f 496//2 498//2 497//2
f 491//107 490//107 495//107
f 491//107 495//107 498//107
f 501//6 502//6 503//6
f 501//6 503//6 504//6
f 498//108 495//108 501//108
f 498//108 501//108 499//108
f 495//6 494//6 502//6
f 495//6 502//6 501//6
f 494//109 497//109 500//109
f 494//109 500//109 502//109
f 504//6 503//6 505//6
f 504//6 505//6 506//6
f 502//110 500//110 507//110
f 502//110 507//110 503//110
f 500//2 499//2 508//2
f 500//2 508//2 507//2
f 499//111 501//111 504//111
f 499//111 504//111 508//111
f 509//2 510//2 511//2
f 509//2 511//2 512//2
f 503//112 507//112 513//112
f 503//112 513//112 505//112
f 507//2 508//2 514//2
f 507//2 514//2 513//2
f 508//113 504//113 506//113
f 508//113 506//113 514//113
f 515//114 512//114 511//114
f 515//114 511//114 516//114
f 517//6 516//6 518//6
f 517//6 518//6 519//6
f 517//6 520//6 515//6
f 517//6 515//6 516//6
f 521//115 522//115 523//115
f 521//115 523//115 524//115
f 525//116 526//116 527//116
f 525//116 527//116 528//116
f 514//117 506//117 526//117
f 514//117 526//117 525//117
f 529//2 514//2 525//2
f 529//2 525//2 530//2
f 516//118 511//118 531//118
f 516//118 531//118 518//118
f 532//6 533//6 534//6
f 532//6 534//6 535//6
f 519//6 518//6 533//6
f 519//6 533//6 532//6
f 518//119 531//119 536//119
f 518//119 536//119 533//119
f 530//2 525//2 528//2
f 530//2 528//2 537//2
f 538//2 539//2 540//2
f 538//2 540//2 541//2
f 533//120 536//120 542//120
f 533//120 542//120 534//120
f 537//2 528//2 539//2
f 537//2 539//2 538//2
f 528//121 527//121 543//121
f 528//121 543//121 539//121
f 544//6 545//6 546//6
f 544//6 546//6 547//6
f 539//122 543//122 548//122
f 539//122 548//122 540//122
f 535//6 534//6 549//6
f 535//6 549//6 550//6
f 534//123 542//123 551//123
f 534//123 551//123 549//123
f 552//124 547//124 546//124
f 552//124 546//124 553//124
f 554//125 555//125 556//125
f 554//125 556//125 557//125
f 558//2 559//2 560//2
f 558//2 560//2 561//2
f 562//126 560//126 563//126
f 562//126 563//126 564//126
f 565//6 564//6 566//6
f 565//6 566//6 567//6
f 568//2 540//2 569//2
f 568//2 569//2 570//2
f 571//6 562//6 564//6
f 571//6 564//6 565//6
f 540//127 548//127 572//127
f 540//127 572//127 569//127
f 573//2 574//2 575//2
f 573//2 575//2 576//2
f 569//128 572//128 577//128
f 569//128 577//128 574//128
f 570//2 569//2 574//2
f 570//2 574//2 573//2
f 564//129 563//129 578//129
f 564//129 578//129 566//129
f 579//6 580//6 581//6
f 579//6 581//6 582//6
f 566//130 578//130 583//130
f 566//130 583//130 580//130
f 567//6 566//6 580//6
f 567//6 580//6 579//6
f 574//131 577//131 584//131
f 574//131 584//131 575//131
f 582//6 581//6 585//6
f 582//6 585//6 586//6
f 575//132 584//132 587//132
f 575//132 587//132 588//132
f 576//2 575//2 588//2
f 576//2 588//2 589//2
f 580//133 583//133 590//133
f 580//133 590//133 581//133
f 591//2 592//2 593//2
f 591//2 593//2 594//2
f 588//134 587//134 595//134
f 588//134 595//134 596//134
f 589//2 588//2 596//2
f 589//2 596//2 597//2
f 581//135 590//135 598//135
f 581//135 598//135 585//135
f 599//136 600//136 601//136
f 599//136 601//136 602//136
f 603//6 604//6 605//6
f 603//6 605//6 606//6
f 607//6 608//6 601//6
f 607//6 601//6 600//6
f 609//2 596//2 610//2
f 609//2 610//2 611//2
f 610//137 612//137 613//137
f 610//137 613//137 614//137
f 615//138 593//138 616//138
f 615//138 616//138 617//138
f 618//6 615//6 617//6
f 618//6 617//6 619//6
f 596//139 595//139 612//139
f 596//139 612//139 610//139
f 620//6 621//6 622//6
f 620//6 622//6 623//6
f 619//6 617//6 621//6
f 619//6 621//6 620//6
f 617//140 616//140 624//140
f 617//140 624//140 621//140
f 611//2 610//2 614//2
f 611//2 614//2 625//2
f 626//2 627//2 628//2
f 626//2 628//2 629//2
f 621//141 624//141 630//141
f 621//141 630//141 622//141
f 625//2 614//2 627//2
f 625//2 627//2 626//2
f 614//142 613//142 631//142
f 614//142 631//142 627//142
f 632//6 633//6 634//6
f 632//6 634//6 635//6
f 627//143 631//143 636//143
f 627//143 636//143 628//143
f 623//6 622//6 633//6
f 623//6 633//6 632//6
f 622//144 630//144 637//144
f 622//144 637//144 633//144
f 638//145 635//145 634//145
f 638//145 634//145 639//145
f 637//2 639//2 640//2
f 637//2 640//2 641//2
f 629//2 628//2 642//2
f 629//2 642//2 643//2
f 644//146 642//146 645//146
f 644//146 645//146 646//146
f 647//6 646//6 648//6
f 647//6 648//6 649//6
f 642//2 628//2 650//2
f 642//2 650//2 645//2
f 636//6 644//6 646//6
f 636//6 646//6 647//6
f 628//147 636//147 647//147
f 628//147 647//147 650//147
f 651//2 652//2 653//2
f 651//2 653//2 654//2
f 650//148 647//148 649//148
f 650//148 649//148 652//148
f 645//2 650//2 652//2
f 645//2 652//2 651//2
f 646//149 645//149 651//149
f 646//149 651//149 648//149
f 655//6 656//6 657//6
f 655//6 657//6 658//6
f 648//150 651//150 654//150
f 648//150 654//150 656//150
f 649//6 648//6 656//6
f 649//6 656//6 655//6
f 652//151 649//151 655//151
f 652//151 655//151 653//151
f 658//6 657//6 659//6
f 658//6 659//6 660//6
f 653//152 655//152 658//152
f 653//152 658//152 661//152
f 654//2 653//2 661//2
f 654//2 661//2 662//2
f 656//153 654//153 662//153
f 656//153 662//153 657//153
f 663//2 664//2 665//2
f 663//2 665//2 666//2
f 661//154 658//154 660//154
f 661//154 660//154 664//154
f 662//2 661//2 664//2
f 662//2 664//2 663//2
f 657//155 662//155 663//155
f 657//155 663//155 659//155
f 667//6 668//6 669//6
f 667//6 669//6 670//6
f 659//156 663//156 666//156
f 659//156 666//156 668//156
f 660//6 659//6 668//6
f 660//6 668//6 667//6
f 664//157 660//157 667//157
f 664//157 667//157 665//157
f 671//158 670//158 672//158
f 671//158 672//158 673//158
f 665//159 667//159 670//159
f 665//159 670//159 671//159
f 666//2 665//2 671//2
f 666//2 671//2 674//2
f 668//160 666//160 674//160
f 668//160 674//160 669//160
f 675//2 673//2 676//2
f 675//2 676//2 677//2
f 674//2 671//2 673//2
f 674//2 673//2 675//2
f 669//161 674//161 675//161
f 669//161 675//161 678//161
f 670//6 669//6 678//6
f 670//6 678//6 672//6
f 676//162 679//162 680//162
f 676//162 680//162 677//162
f 680//6 678//6 681//6
f 680//6 681//6 682//6
f 672//6 678//6 680//6
f 672//6 680//6 679//6
f 676//2 673//2 683//2
f 676//2 683//2 684//2
f 685//6 686//6 687//6
f 685//6 687//6 688//6
f 679//163 676//163 684//163
f 679//163 684//163 686//163
f 672//6 679//6 686//6
f 672//6 686//6 685//6
f 673//164 672//164 685//164
f 673//164 685//164 683//164
f 687//165 689//165 690//165
f 687//165 690//165 691//165
f 686//166 684//166 689//166
f 686//166 689//166 687//166
f 684//2 683//2 692//2
f 684//2 692//2 689//2
f 683//167 685//167 688//167
f 683//167 688//167 692//167
f 690//2 693//2 694//2
f 690//2 694//2 695//2
f 689//2 692//2 693//2
f 689//2 693//2 690//2
f 692//168 688//168 696//168
f 692//168 696//168 693//168
f 688//6 687//6 691//6
f 688//6 691//6 696//6
f 697//6 698//6 699//6
f 697//6 699//6 700//6
f 693//169 696//169 697//169
f 693//169 697//169 694//169
f 696//6 691//6 698//6
f 696//6 698//6 697//6
f 691//170 690//170 695//170
f 691//170 695//170 698//170
f 701//2 702//2 703//2
f 701//2 703//2 704//2
f 698//171 695//171 701//171
f 698//171 701//171 699//171
f 695//2 694//2 702//2
f 695//2 702//2 701//2
f 694//172 697//172 700//172
f 694//172 700//172 702//172
f 703//173 705//173 706//173
f 703//173 706//173 704//173
f 705//174 703//174 707//174
f 705//174 707//174 708//174
f 700//6 699//6 706//6
f 700//6 706//6 705//6
f 706//6 699//6 709//6
f 706//6 709//6 710//6
f 711//6 708//6 712//6
f 711//6 712//6 713//6
f 702//175 700//175 711//175
f 702//175 711//175 714//175
f 700//6 705//6 708//6
f 700//6 708//6 711//6
f 703//2 702//2 714//2
f 703//2 714//2 707//2
f 715//2 716//2 717//2
f 715//2 717//2 718//2
f 708//176 707//176 715//176
f 708//176 715//176 712//176
f 707//2 714//2 716//2
f 707//2 716//2 715//2
f 714//177 711//177 713//177
f 714//177 713//177 716//177
f 717//178 719//178 720//178
f 717//178 720//178 721//178
f 716//179 713//179 719//179
f 716//179 719//179 717//179
f 713//6 712//6 722//6
f 713//6 722//6 719//6
f 712//180 715//180 718//180
f 712//180 718//180 722//180
f 720//6 723//6 724//6
f 720//6 724//6 725//6
f 719//6 722//6 723//6
f 719//6 723//6 720//6
f 722//181 718//181 726//181
f 722//181 726//181 723//181
f 718//2 717//2 721//2
f 718//2 721//2 726//2
f 727//2 728//2 729//2
f 727//2 729//2 730//2
f 723//182 726//182 727//182
f 723//182 727//182 724//182
f 726//2 721//2 728//2
f 726//2 728//2 727//2
f 721//183 720//183 725//183
f 721//183 725//183 728//183
f 729//184 731//184 732//184
f 729//184 732//184 730//184
f 728//185 725//185 733//185
f 728//185 733//185 734//185
f 725//6 724//6 732//6
f 725//6 732//6 731//6
f 732//6 724//6 735//6
f 732//6 735//6 736//6
f 737//186 738//186 739//186
f 737//186 739//186 740//186
f 725//6 731//6 737//6
f 725//6 737//6 733//6
f 729//2 728//2 734//2
f 729//2 734//2 738//2
f 731//187 729//187 738//187
f 731//187 738//187 737//187
f 739//2 741//2 742//2
f 739//2 742//2 743//2
f 738//2 734//2 741//2
f 738//2 741//2 739//2
f 734//188 733//188 744//188
f 734//188 744//188 741//188
f 733//6 737//6 740//6
f 733//6 740//6 744//6
f 745//6 746//6 747//6
f 745//6 747//6 748//6
f 741//189 744//189 745//189
f 741//189 745//189 742//189
f 744//6 740//6 746//6
f 744//6 746//6 745//6
f 740//190 739//190 743//190
f 740//190 743//190 746//190
f 749//2 750//2 751//2
f 749//2 751//2 752//2
f 746//191 743//191 749//191
f 746//191 749//191 747//191
f 743//2 742//2 750//2
f 743//2 750//2 749//2
f 742//192 745//192 748//192
f 742//192 748//192 750//192
f 752//2 751//2 753//2
f 752//2 753//2 754//2
f 750//193 748//193 755//193
f 750//193 755//193 751//193
f 748//6 747//6 756//6
f 748//6 756//6 755//6
f 747//194 749//194 752//194
f 747//194 752//194 756//194
f 757//6 758//6 759//6
f 757//6 759//6 760//6
f 751//195 755//195 757//195
f 751//195 757//195 753//195
f 755//6 756//6 758//6
f 755//6 758//6 757//6
f 756//196 752//196 754//196
f 756//196 754//196 758//196
f 761//2 762//2 763//2
f 761//2 763//2 764//2
f 758//197 754//197 761//197
f 758//197 761//197 759//197
f 754//2 753//2 762//2
f 754//2 762//2 761//2
f 760//198 762//198 765//198
f 760//198 765//198 766//198
f 767//199 768//199 769//199
f 767//199 769//199 770//199
f 762//2 753//2 767//2
f 762//2 767//2 765//2
f 757//6 760//6 766//6
f 757//6 766//6 768//6
f 753//200 757//200 768//200
f 753//200 768//200 767//200
f 770//201 769//201 771//201
f 770//201 771//201 772//201
f 765//2 767//2 770//2
f 765//2 770//2 772//2
f 766//202 765//202 772//202
f 766//202 772//202 771//202
f 768//6 766//6 771//6
f 768//6 771//6 769//6
f 763//203 773//203 774//203
f 763//203 774//203 775//203
f 762//204 760//204 773//204
f 762//204 773//204 763//204
f 760//6 759//6 776//6
f 760//6 776//6 773//6
f 759//205 761//205 764//205
f 759//205 764//205 776//205
f 736//6 735//6 777//6
f 736//6 777//6 778//6
f 727//2 730//2 779//2
f 727//2 779//2 780//2
f 730//206 732//206 736//206
f 730//206 736//206 779//206
f 724//207 727//207 780//207
f 724//207 780//207 735//207
f 781//2 782//2 783//2
f 781//2 783//2 784//2
f 701//2 704//2 782//2
f 701//2 782//2 781//2
f 704//208 706//208 710//208
f 704//208 710//208 782//208
f 699//209 701//209 781//209
f 699//209 781//209 709//209
f 682//6 681//6 785//6
f 682//6 785//6 786//6
f 678//210 675//210 787//210
f 678//210 787//210 681//210
f 675//2 677//2 788//2
f 675//2 788//2 787//2
f 677//211 680//211 682//211
f 677//211 682//211 788//211
f 789//212 790//212 791//212
f 789//212 791//212 792//212
f 604//213 793//213 794//213
f 604//213 794//213 605//213
f 795//2 796//2 791//2
f 795//2 791//2 790//2
f 796//214 797//214 792//214
f 796//214 792//214 791//214
f 798//215 799//215 800//215
f 798//215 800//215 801//215
f 802//2 798//2 801//2
f 802//2 801//2 803//2
f 804//216 805//216 806//216
f 804//216 806//216 807//216
f 808//6 804//6 807//6
f 808//6 807//6 809//6
f 810//217 811//217 797//217
f 810//217 797//217 796//217
f 812//2 810//2 796//2
f 812//2 796//2 795//2
f 813//218 814//218 793//218
f 813//218 793//218 604//218
f 815//6 813//6 604//6
f 815//6 604//6 603//6
f 816//6 585//6 804//6
f 816//6 804//6 808//6
f 585//216 598//216 805//216
f 585//216 805//216 804//216
f 817//2 602//2 798//2
f 817//2 798//2 802//2
f 602//219 601//219 799//219
f 602//219 799//219 798//219
f 818//2 819//2 820//2
f 818//2 820//2 821//2
f 608//6 822//6 823//6
f 608//6 823//6 824//6
f 825//6 826//6 827//6
f 825//6 827//6 828//6
f 829//2 830//2 831//2
f 829//2 831//2 832//2
f 824//6 823//6 833//6
f 824//6 833//6 834//6
f 821//2 820//2 835//2
f 821//2 835//2 836//2
f 832//2 831//2 837//2
f 832//2 837//2 838//2
f 606//220 838//220 837//220
f 606//220 837//220 839//220
f 840//2 841//2 842//2
f 840//2 842//2 638//2
f 643//221 843//221 844//221
f 643//221 844//221 842//221
f 845//6 846//6 847//6
f 845//6 847//6 848//6
f 848//6 847//6 844//6
f 848//6 844//6 843//6
f 849//2 850//2 851//2
f 849//2 851//2 852//2
f 852//2 851//2 841//2
f 852//2 841//2 840//2
f 853//2 854//2 850//2
f 853//2 850//2 849//2
f 855//6 856//6 857//6
f 855//6 857//6 858//6
f 858//6 857//6 846//6
f 858//6 846//6 845//6
f 859//6 860//6 856//6
f 859//6 856//6 855//6
f 592//2 861//2 854//2
f 592//2 854//2 853//2
f 862//6 816//6 822//6
f 862//6 822//6 863//6
f 828//6 827//6 839//6
f 828//6 839//6 789//6
f 864//2 609//2 861//2
f 864//2 861//2 865//2
f 597//2 596//2 609//2
f 597//2 609//2 864//2
f 586//6 585//6 816//6
f 586//6 816//6 862//6
f 595//6 859//6 855//6
f 595//6 855//6 612//6
f 613//6 858//6 845//6
f 613//6 845//6 631//6
f 612//6 855//6 858//6
f 612//6 858//6 613//6
f 636//6 848//6 843//6
f 636//6 843//6 644//6
f 631//6 845//6 848//6
f 631//6 848//6 636//6
f 642//221 644//221 843//221
f 642//221 843//221 643//221
f 605//222 794//222 838//222
f 605//222 838//222 606//222
f 793//2 832//2 838//2
f 793//2 838//2 794//2
f 805//2 821//2 836//2
f 805//2 836//2 806//2
f 814//2 829//2 832//2
f 814//2 832//2 793//2
f 598//2 818//2 821//2
f 598//2 821//2 805//2
f 822//6 816//6 808//6
f 822//6 808//6 823//6
f 826//6 815//6 603//6
f 826//6 603//6 827//6
f 823//6 808//6 809//6
f 823//6 809//6 833//6
f 841//2 629//2 643//2
f 841//2 643//2 842//2
f 850//2 625//2 626//2
f 850//2 626//2 851//2
f 851//2 626//2 629//2
f 851//2 629//2 841//2
f 854//2 611//2 625//2
f 854//2 625//2 850//2
f 861//2 609//2 611//2
f 861//2 611//2 854//2
f 827//6 603//6 606//6
f 827//6 606//6 839//6
f 797//6 828//6 789//6
f 797//6 789//6 792//6
f 593//2 592//2 853//2
f 593//2 853//2 616//2
f 616//2 853//2 849//2
f 616//2 849//2 624//2
f 630//2 852//2 840//2
f 630//2 840//2 637//2
f 624//2 849//2 852//2
f 624//2 852//2 630//2
f 637//2 840//2 638//2
f 637//2 638//2 639//2
f 799//6 824//6 834//6
f 799//6 834//6 800//6
f 811//6 825//6 828//6
f 811//6 828//6 797//6
f 601//6 608//6 824//6
f 601//6 824//6 799//6
f 819//2 817//2 802//2
f 819//2 802//2 820//2
f 830//2 812//2 795//2
f 830//2 795//2 831//2
f 820//2 802//2 803//2
f 820//2 803//2 835//2
f 831//2 795//2 790//2
f 831//2 790//2 837//2
f 839//223 837//223 790//223
f 839//223 790//223 789//223
f 842//224 844//224 635//224
f 842//224 635//224 638//224
f 846//6 623//6 632//6
f 846//6 632//6 847//6
f 847//6 632//6 635//6
f 847//6 635//6 844//6
f 856//6 619//6 620//6
f 856//6 620//6 857//6
f 857//6 620//6 623//6
f 857//6 623//6 846//6
f 860//6 618//6 619//6
f 860//6 619//6 856//6
f 863//6 822//6 608//6
f 863//6 608//6 607//6
f 865//2 861//2 592//2
f 865//2 592//2 591//2
f 835//2 803//2 812//2
f 835//2 812//2 830//2
f 800//6 834//6 825//6
f 800//6 825//6 811//6
f 833//6 809//6 815//6
f 833//6 815//6 826//6
f 806//2 836//2 829//2
f 806//2 829//2 814//2
f 836//2 835//2 830//2
f 836//2 830//2 829//2
f 834//6 833//6 826//6
f 834//6 826//6 825//6
f 809//6 807//6 813//6
f 809//6 813//6 815//6
f 807//218 806//218 814//218
f 807//218 814//218 813//218
f 803//2 801//2 810//2
f 803//2 810//2 812//2
f 801//217 800//217 811//217
f 801//217 811//217 810//217
f 866//225 867//225 868//225
f 866//225 868//225 869//225
f 870//6 554//6 557//6
f 870//6 557//6 871//6
f 872//226 873//226 869//226
f 872//226 869//226 868//226
f 874//2 872//2 868//2
f 874//2 868//2 867//2
f 875//2 876//2 877//2
f 875//2 877//2 878//2
f 876//227 879//227 880//227
f 876//227 880//227 877//227
f 881//6 882//6 883//6
f 881//6 883//6 884//6
f 882//228 885//228 886//228
f 882//228 886//228 883//228
f 887//229 888//229 885//229
f 887//229 885//229 882//229
f 889//6 887//6 882//6
f 889//6 882//6 881//6
f 890//230 891//230 879//230
f 890//230 879//230 876//230
f 892//2 890//2 876//2
f 892//2 876//2 875//2
f 878//2 877//2 872//2
f 878//2 872//2 874//2
f 877//231 880//231 873//231
f 877//231 873//231 872//231
f 884//6 883//6 554//6
f 884//6 554//6 870//6
f 883//232 886//232 555//232
f 883//232 555//232 554//232
f 893//2 894//2 890//2
f 893//2 890//2 892//2
f 894//233 895//233 891//233
f 894//233 891//233 890//233
f 896//6 897//6 887//6
f 896//6 887//6 889//6
f 897//234 898//234 888//234
f 897//234 888//234 887//234
f 549//235 551//235 898//235
f 549//235 898//235 897//235
f 899//6 549//6 897//6
f 899//6 897//6 896//6
f 553//236 546//236 895//236
f 553//236 895//236 894//236
f 900//2 553//2 894//2
f 900//2 894//2 893//2
f 901//237 902//237 524//237
f 901//237 524//237 523//237
f 903//6 904//6 905//6
f 903//6 905//6 906//6
f 907//2 521//2 524//2
f 907//2 524//2 902//2
f 904//238 908//238 909//238
f 904//238 909//238 905//238
f 910//2 911//2 912//2
f 910//2 912//2 913//2
f 545//6 914//6 915//6
f 545//6 915//6 916//6
f 916//6 915//6 917//6
f 916//6 917//6 918//6
f 913//2 912//2 919//2
f 913//2 919//2 920//2
f 921//6 922//6 923//6
f 921//6 923//6 924//6
f 925//2 926//2 927//2
f 925//2 927//2 928//2
f 920//2 919//2 929//2
f 920//2 929//2 930//2
f 918//6 917//6 931//6
f 918//6 931//6 932//6
f 932//6 931//6 922//6
f 932//6 922//6 921//6
f 930//2 929//2 926//2
f 930//2 926//2 925//2
f 928//2 927//2 933//2
f 928//2 933//2 934//2
f 924//6 923//6 935//6
f 924//6 935//6 866//6
f 936//239 934//239 933//239
f 936//239 933//239 935//239
f 937//2 938//2 939//2
f 937//2 939//2 940//2
f 941//6 942//6 943//6
f 941//6 943//6 944//6
f 945//6 946//6 947//6
f 945//6 947//6 948//6
f 949//2 950//2 951//2
f 949//2 951//2 952//2
f 952//2 951//2 938//2
f 952//2 938//2 937//2
f 948//6 947//6 942//6
f 948//6 942//6 941//6
f 944//6 943//6 953//6
f 944//6 953//6 954//6
f 955//240 954//240 953//240
f 955//240 953//240 956//240
f 957//2 958//2 950//2
f 957//2 950//2 949//2
f 940//2 939//2 956//2
f 940//2 956//2 599//2
f 959//2 960//2 958//2
f 959//2 958//2 957//2
f 961//6 962//6 946//6
f 961//6 946//6 945//6
f 963//6 964//6 965//6
f 963//6 965//6 966//6
f 966//6 965//6 962//6
f 966//6 962//6 961//6
f 967//2 968//2 969//2
f 967//2 969//2 970//2
f 970//2 969//2 960//2
f 970//2 960//2 959//2
f 971//6 972//6 973//6
f 971//6 973//6 974//6
f 559//2 975//2 968//2
f 559//2 968//2 967//2
f 974//6 973//6 964//6
f 974//6 964//6 963//6
f 976//2 977//2 975//2
f 976//2 975//2 978//2
f 979//6 980//6 914//6
f 979//6 914//6 981//6
f 550//6 549//6 899//6
f 550//6 899//6 982//6
f 541//2 540//2 568//2
f 541//2 568//2 983//2
f 572//6 984//6 985//6
f 572//6 985//6 577//6
f 548//6 986//6 984//6
f 548//6 984//6 572//6
f 584//6 987//6 988//6
f 584//6 988//6 587//6
f 577//6 985//6 987//6
f 577//6 987//6 584//6
f 587//6 988//6 989//6
f 587//6 989//6 595//6
f 593//136 615//136 990//136
f 593//136 990//136 594//136
f 618//6 991//6 990//6
f 618//6 990//6 615//6
f 859//6 992//6 993//6
f 859//6 993//6 860//6
f 595//6 989//6 992//6
f 595//6 992//6 859//6
f 860//6 993//6 991//6
f 860//6 991//6 618//6
f 557//241 556//241 994//241
f 557//241 994//241 871//241
f 555//2 995//2 994//2
f 555//2 994//2 556//2
f 885//2 996//2 997//2
f 885//2 997//2 886//2
f 888//2 998//2 996//2
f 888//2 996//2 885//2
f 886//2 997//2 995//2
f 886//2 995//2 555//2
f 898//2 999//2 998//2
f 898//2 998//2 888//2
f 551//2 1000//2 999//2
f 551//2 999//2 898//2
f 980//6 899//6 896//6
f 980//6 896//6 1001//6
f 1001//6 896//6 889//6
f 1001//6 889//6 1002//6
f 1003//6 884//6 870//6
f 1003//6 870//6 1004//6
f 1002//6 889//6 881//6
f 1002//6 881//6 1005//6
f 1005//6 881//6 884//6
f 1005//6 884//6 1003//6
f 1004//6 870//6 871//6
f 1004//6 871//6 936//6
f 1006//2 865//2 591//2
f 1006//2 591//2 1007//2
f 1008//2 597//2 864//2
f 1008//2 864//2 1009//2
f 1009//2 864//2 865//2
f 1009//2 865//2 1006//2
f 1010//2 589//2 597//2
f 1010//2 597//2 1008//2
f 1007//2 591//2 594//2
f 1007//2 594//2 955//2
f 1011//2 576//2 589//2
f 1011//2 589//2 1010//2
f 1012//2 570//2 573//2
f 1012//2 573//2 1013//2
f 1013//2 573//2 576//2
f 1013//2 576//2 1011//2
f 977//2 568//2 570//2
f 977//2 570//2 1012//2
f 560//2 559//2 967//2
f 560//2 967//2 563//2
f 578//2 970//2 959//2
f 578//2 959//2 583//2
f 563//2 967//2 970//2
f 563//2 970//2 578//2
f 583//2 959//2 957//2
f 583//2 957//2 590//2
f 817//2 940//2 599//2
f 817//2 599//2 602//2
f 590//2 957//2 949//2
f 590//2 949//2 598//2
f 818//2 952//2 937//2
f 818//2 937//2 819//2
f 598//2 949//2 952//2
f 598//2 952//2 818//2
f 819//2 937//2 940//2
f 819//2 940//2 817//2
f 873//6 924//6 866//6
f 873//6 866//6 869//6
f 879//6 932//6 921//6
f 879//6 921//6 880//6
f 891//6 918//6 932//6
f 891//6 932//6 879//6
f 880//6 921//6 924//6
f 880//6 924//6 873//6
f 895//6 916//6 918//6
f 895//6 918//6 891//6
f 546//6 545//6 916//6
f 546//6 916//6 895//6
f 911//2 900//2 893//2
f 911//2 893//2 912//2
f 912//2 893//2 892//2
f 912//2 892//2 919//2
f 926//2 878//2 874//2
f 926//2 874//2 927//2
f 919//2 892//2 875//2
f 919//2 875//2 929//2
f 929//2 875//2 878//2
f 929//2 878//2 926//2
f 927//2 874//2 867//2
f 927//2 867//2 933//2
f 935//242 933//242 867//242
f 935//242 867//242 866//242
f 942//6 863//6 607//6
f 942//6 607//6 943//6
f 946//6 586//6 862//6
f 946//6 862//6 947//6
f 947//6 862//6 863//6
f 947//6 863//6 942//6
f 943//6 607//6 600//6
f 943//6 600//6 953//6
f 956//240 953//240 600//240
f 956//240 600//240 599//240
f 962//6 582//6 586//6
f 962//6 586//6 946//6
f 964//6 567//6 579//6
f 964//6 579//6 965//6
f 965//6 579//6 582//6
f 965//6 582//6 962//6
f 972//6 571//6 565//6
f 972//6 565//6 973//6
f 973//6 565//6 567//6
f 973//6 567//6 964//6
f 978//2 975//2 559//2
f 978//2 559//2 558//2
f 981//6 914//6 545//6
f 981//6 545//6 544//6
f 975//2 977//2 1012//2
f 975//2 1012//2 968//2
f 969//2 1013//2 1011//2
f 969//2 1011//2 960//2
f 968//2 1012//2 1013//2
f 968//2 1013//2 969//2
f 960//2 1011//2 1010//2
f 960//2 1010//2 958//2
f 939//2 1007//2 955//2
f 939//2 955//2 956//2
f 958//2 1010//2 1008//2
f 958//2 1008//2 950//2
f 951//2 1009//2 1006//2
f 951//2 1006//2 938//2
f 950//2 1008//2 1009//2
f 950//2 1009//2 951//2
f 938//2 1006//2 1007//2
f 938//2 1007//2 939//2
f 923//6 1004//6 936//6
f 923//6 936//6 935//6
f 931//6 1005//6 1003//6
f 931//6 1003//6 922//6
f 917//6 1002//6 1005//6
f 917//6 1005//6 931//6
f 922//6 1003//6 1004//6
f 922//6 1004//6 923//6
f 915//6 1001//6 1002//6
f 915//6 1002//6 917//6
f 914//6 980//6 1001//6
f 914//6 1001//6 915//6
f 982//6 899//6 980//6
f 982//6 980//6 979//6
f 983//2 568//2 977//2
f 983//2 977//2 976//2
f 984//6 974//6 963//6
f 984//6 963//6 985//6
f 986//6 971//6 974//6
f 986//6 974//6 984//6
f 987//6 966//6 961//6
f 987//6 961//6 988//6
f 985//6 963//6 966//6
f 985//6 966//6 987//6
f 988//6 961//6 945//6
f 988//6 945//6 989//6
f 594//240 990//240 954//240
f 594//240 954//240 955//240
f 991//6 944//6 954//6
f 991//6 954//6 990//6
f 992//6 948//6 941//6
f 992//6 941//6 993//6
f 989//6 945//6 948//6
f 989//6 948//6 992//6
f 993//6 941//6 944//6
f 993//6 944//6 991//6
f 871//243 994//243 934//243
f 871//243 934//243 936//243
f 995//2 928//2 934//2
f 995//2 934//2 994//2
f 996//2 930//2 925//2
f 996//2 925//2 997//2
f 998//2 920//2 930//2
f 998//2 930//2 996//2
f 997//2 925//2 928//2
f 997//2 928//2 995//2
f 999//2 913//2 920//2
f 999//2 920//2 998//2
f 1000//2 910//2 913//2
f 1000//2 913//2 999//2
f 1014//2 775//2 1015//2
f 1014//2 1015//2 1016//2
f 773//6 776//6 1017//6
f 773//6 1017//6 774//6
f 776//244 764//244 1014//244
f 776//244 1014//244 1017//244
f 764//2 763//2 775//2
f 764//2 775//2 1014//2
f 1018//6 1019//6 1020//6
f 1018//6 1020//6 1021//6
f 775//245 774//245 1018//245
f 775//245 1018//245 1015//245
f 774//6 1017//6 1019//6
f 774//6 1019//6 1018//6
f 1017//246 1014//246 1016//246
f 1017//247 1016//247 1019//247
f 1020//248 1022//248 1023//248
f 1020//248 1023//248 1024//248
f 1019//249 1016//249 1022//249
f 1019//249 1022//249 1020//249
f 1016//2 1015//2 1025//2
f 1016//2 1025//2 1022//2
f 1015//250 1018//250 1021//250
f 1015//250 1021//250 1025//250
f 1023//2 1026//2 1027//2
f 1023//2 1027//2 1028//2
f 1022//2 1025//2 1026//2
f 1022//2 1026//2 1023//2
f 1025//251 1021//251 1029//251
f 1025//251 1029//251 1026//251
f 1021//6 1020//6 1024//6
f 1021//6 1024//6 1029//6
f 1028//2 1027//2 1030//2
f 1028//2 1030//2 1031//2
f 1026//252 1029//252 1032//252
f 1026//252 1032//252 1027//252
f 1029//6 1024//6 1033//6
f 1029//6 1033//6 1032//6
f 1024//253 1023//253 1028//253
f 1024//253 1028//253 1033//253
f 641//2 640//2 1034//2
f 641//2 1034//2 1035//2
f 633//254 637//254 641//254
f 633//254 641//254 1036//254
f 634//6 633//6 1036//6
f 634//6 1036//6 1037//6
f 639//255 634//255 1037//255
f 639//255 1037//255 640//255
f 1038//6 1039//6 1040//6
f 1038//6 1040//6 1041//6
f 640//256 1037//256 1038//256
f 640//256 1038//256 1034//256
f 1037//6 1036//6 1039//6
f 1037//6 1039//6 1038//6
f 1036//257 641//257 1035//257
f 1036//257 1035//257 1039//257
f 1042//2 1043//2 1044//2
f 1042//2 1044//2 1045//2
f 1039//258 1035//258 1042//258
f 1039//258 1042//258 1040//258
f 1035//2 1034//2 1043//2
f 1035//2 1043//2 1042//2
f 1034//259 1038//259 1041//259
f 1034//259 1041//259 1043//259
f 1046//6 1047//6 1048//6
f 1046//6 1048//6 1049//6
f 1043//260 1041//260 1046//260
f 1043//260 1046//260 1044//260
f 1041//6 1040//6 1047//6
f 1041//6 1047//6 1046//6
f 1040//261 1042//261 1045//261
f 1040//261 1045//261 1047//261
f 1049//6 1048//6 1050//6
f 1049//6 1050//6 1051//6
f 1047//262 1045//262 1052//262
f 1047//262 1052//262 1048//262
f 1045//2 1044//2 1053//2
f 1045//2 1053//2 1052//2
f 1044//263 1046//263 1049//263
f 1044//263 1049//263 1053//263
f 786//6 785//6 1054//6
f 786//6 1054//6 1055//6
f 788//264 682//264 786//264
f 788//264 786//264 1056//264
f 787//2 788//2 1056//2
f 787//2 1056//2 1057//2
f 681//265 787//265 1057//265
f 681//265 1057//265 785//265
f 1058//2 1059//2 1060//2
f 1058//2 1060//2 1061//2
f 1056//266 786//266 1055//266
f 1056//266 1055//266 1059//266
f 1057//2 1056//2 1059//2
f 1057//2 1059//2 1058//2
f 785//267 1057//267 1058//267
f 785//267 1058//267 1054//267
f 1062//6 1063//6 1064//6
f 1062//6 1064//6 1065//6
f 1054//268 1058//268 1061//268
f 1054//268 1061//268 1063//268
f 1055//6 1054//6 1063//6
f 1055//6 1063//6 1062//6
f 1059//269 1055//269 1062//269
f 1059//269 1062//269 1060//269
f 1066//270 1065//270 1067//270
f 1066//270 1067//270 1068//270
f 1060//271 1062//271 1065//271
f 1060//271 1065//271 1066//271
f 1061//2 1060//2 1066//2
f 1061//2 1066//2 1069//2
f 1063//272 1061//272 1069//272
f 1063//272 1069//272 1064//272
f 1070//2 1068//2 1071//2
f 1070//2 1071//2 1072//2
f 1069//2 1066//2 1068//2
f 1069//2 1068//2 1070//2
f 1064//273 1069//273 1070//273
f 1064//273 1070//273 1073//273
f 1065//6 1064//6 1073//6
f 1065//6 1073//6 1067//6
f 1074//6 1075//6 1076//6
f 1074//6 1076//6 1077//6
f 1073//274 1070//274 1072//274
f 1073//274 1072//274 1075//274
f 1067//6 1073//6 1075//6
f 1067//6 1075//6 1074//6
f 1068//275 1067//275 1074//275
f 1068//275 1074//275 1071//275
f 1078//2 1079//2 1080//2
f 1078//2 1080//2 1081//2
f 1071//276 1074//276 1077//276
f 1071//276 1077//276 1079//276
f 1072//2 1071//2 1079//2
f 1072//2 1079//2 1078//2
f 1075//277 1072//277 1078//277
f 1075//277 1078//277 1076//277
f 1082//278 1081//278 1080//278
f 1082//278 1080//278 1083//278
f 1076//279 1078//279 1081//279
f 1076//279 1081//279 1082//279
f 1077//6 1076//6 1082//6
f 1077//6 1082//6 1083//6
f 1079//280 1077//280 1083//280
f 1079//280 1083//280 1080//280
f 1084//6 1085//6 1086//6
f 1084//6 1086//6 1087//6
f 709//281 781//281 784//281
f 709//281 784//281 1085//281
f 710//6 709//6 1085//6
f 710//6 1085//6 1084//6
f 782//282 710//282 1084//282
f 782//282 1084//282 783//282
f 1088//2 1089//2 1090//2
f 1088//2 1090//2 1091//2
f 783//283 1084//283 1087//283
f 783//283 1087//283 1089//283
f 784//2 783//2 1089//2
f 784//2 1089//2 1088//2
f 1085//284 784//284 1088//284
f 1085//284 1088//284 1086//284
f 1092//285 1091//285 1093//285
f 1092//285 1093//285 1094//285
f 1086//286 1088//286 1091//286
f 1086//286 1091//286 1092//286
f 1087//6 1086//6 1092//6
f 1087//6 1092//6 1095//6
f 1089//287 1087//287 1095//287
f 1089//287 1095//287 1090//287
f 1096//6 1094//6 1097//6
f 1096//6 1097//6 1098//6
f 1095//6 1092//6 1094//6
f 1095//6 1094//6 1096//6
f 1090//288 1095//288 1096//288
f 1090//288 1096//288 1099//288
f 1091//2 1090//2 1099//2
f 1091//2 1099//2 1093//2
f 1100//2 1101//2 1102//2
f 1100//2 1102//2 1103//2
f 1099//289 1096//289 1098//289
f 1099//289 1098//289 1101//289
f 1093//2 1099//2 1101//2
f 1093//2 1101//2 1100//2
f 1094//290 1093//290 1100//290
f 1094//290 1100//290 1097//290
f 1104//6 1105//6 1106//6
f 1104//6 1106//6 1107//6
f 1097//291 1100//291 1103//291
f 1097//291 1103//291 1105//291
f 1098//6 1097//6 1105//6
f 1098//6 1105//6 1104//6
f 1101//292 1098//292 1104//292
f 1101//292 1104//292 1102//292
f 1108//293 1107//293 1109//293
f 1108//293 1109//293 1110//293
f 1102//294 1104//294 1107//294
f 1102//294 1107//294 1108//294
f 1103//2 1102//2 1108//2
f 1103//2 1108//2 1111//2
f 1105//295 1103//295 1111//295
f 1105//295 1111//295 1106//295
f 1112//2 1110//2 1113//2
f 1112//2 1113//2 1114//2
f 1111//2 1108//2 1110//2
f 1111//2 1110//2 1112//2
f 1106//296 1111//296 1112//296
f 1106//296 1112//296 1115//296
f 1107//6 1106//6 1115//6
f 1107//6 1115//6 1109//6
f 1114//2 1113//2 1116//2
f 1114//2 1116//2 1117//2
f 1115//297 1112//297 1114//297
f 1115//298 1114//298 1118//298
f 1109//6 1115//6 1118//6
f 1109//6 1118//6 1119//6
f 1110//299 1109//299 1119//299
f 1110//299 1119//299 1113//299
f 1120//2 1121//2 1122//2
f 1120//2 1122//2 1123//2
f 779//300 736//300 778//300
f 779//300 778//300 1121//300
f 780//2 779//2 1121//2
f 780//2 1121//2 1120//2
f 735//301 780//301 1120//301
f 735//301 1120//301 777//301
f 1124//302 1123//302 1122//302
f 1124//302 1122//302 1125//302
f 777//303 1120//303 1123//303
f 777//304 1123//304 1124//304
f 778//6 777//6 1124//6
f 778//6 1124//6 1125//6
f 1121//305 778//305 1125//305
f 1121//306 1125//306 1122//306
f 1031//2 1030//2 1126//2
f 1031//2 1126//2 1127//2
f 1027//307 1032//307 1128//307
f 1027//307 1128//307 1030//307
f 1032//6 1033//6 1129//6
f 1032//6 1129//6 1128//6
f 1033//308 1028//308 1031//308
f 1033//308 1031//308 1129//308
f 1126//309 1130//309 1131//309
f 1126//309 1131//309 1127//309
f 1030//310 1128//310 1130//310
f 1030//310 1130//310 1126//310
f 1128//6 1129//6 1131//6
f 1128//6 1131//6 1130//6
f 1129//311 1031//311 1127//311
f 1129//311 1127//311 1131//311
f 1132//312 1117//312 1116//312
f 1132//312 1116//312 1133//312
f 1118//313 1114//313 1117//313
f 1118//313 1117//313 1132//313
f 1119//6 1118//6 1132//6
f 1119//6 1132//6 1133//6
f 1113//314 1119//314 1133//314
f 1113//314 1133//314 1116//314
f 1134//2 1135//2 1136//2
f 1134//2 1136//2 1137//2
f 1048//315 1052//315 1134//315
f 1048//315 1134//315 1050//315
f 1052//2 1053//2 1135//2
f 1052//2 1135//2 1134//2
f 1053//316 1049//316 1051//316
f 1053//316 1051//316 1135//316
f 1138//317 1137//317 1136//317
f 1138//317 1136//317 1139//317
f 1135//318 1051//318 1139//318
f 1135//318 1139//318 1136//318
f 1051//6 1050//6 1138//6
f 1051//6 1138//6 1139//6
f 1050//319 1134//319 1137//319
f 1050//319 1137//319 1138//319
f 1140//320 1141//320 1142//320
f 1140//320 1142//320 1143//320
f 1144//2 1145//2 1146//2
f 1144//2 1146//2 1147//2
f 1148//6 1140//6 1143//6
f 1148//6 1143//6 1149//6
f 1145//321 1150//321 1151//321
f 1145//321 1151//321 1146//321
f 1152//322 1153//322 1154//322
f 1152//322 1154//322 1155//322
f 1156//2 1157//2 1158//2
f 1156//2 1158//2 1159//2
f 1160//6 1152//6 1155//6
f 1160//6 1155//6 1161//6
f 1157//321 1162//321 1163//321
f 1157//321 1163//321 1158//321
f 1164//321 1165//321 1166//321
f 1164//321 1166//321 1167//321
f 1168//6 1169//6 1170//6
f 1168//6 1170//6 1171//6
f 1172//2 1164//2 1167//2
f 1172//2 1167//2 1173//2
f 1169//323 1174//323 1175//323
f 1169//323 1175//323 1170//323
f 1155//322 1154//322 908//322
f 1155//324 908//324 904//324
f 1159//2 1158//2 521//2
f 1159//2 521//2 907//2
f 1161//6 1155//6 904//6
f 1161//6 904//6 903//6
f 1158//325 1163//325 522//325
f 1158//321 522//321 521//321
f 1146//321 1151//321 1162//321
f 1146//321 1162//321 1157//321
f 1149//6 1143//6 1152//6
f 1149//6 1152//6 1160//6
f 1147//2 1146//2 1157//2
f 1147//2 1157//2 1156//2
f 1143//326 1142//326 1153//326
f 1143//326 1153//326 1152//326
f 1167//321 1166//321 1150//321
f 1167//325 1150//325 1145//325
f 1171//6 1170//6 1140//6
f 1171//6 1140//6 1148//6
f 1173//2 1167//2 1145//2
f 1173//2 1145//2 1144//2
f 1170//323 1175//323 1141//323
f 1170//323 1141//323 1140//323
f 505//327 513//327 1174//327
f 505//327 1174//327 1169//327
f 509//2 512//2 1164//2
f 509//2 1164//2 1172//2
f 1176//6 505//6 1169//6
f 1176//6 1169//6 1168//6
f 512//321 515//321 1165//321
f 512//321 1165//321 1164//321
f 520//6 1177//6 1178//6
f 520//6 1178//6 1179//6
f 1180//2 1181//2 1182//2
f 1180//2 1182//2 1183//2
f 1184//2 1185//2 1186//2
f 1184//2 1186//2 1187//2
f 1188//6 1189//6 1190//6
f 1188//6 1190//6 1191//6
f 1192//2 1193//2 1194//2
f 1192//2 1194//2 1195//2
f 1196//6 1197//6 1198//6
f 1196//6 1198//6 1199//6
f 1200//6 1201//6 1202//6
f 1200//6 1202//6 1203//6
f 1204//2 1205//2 1206//2
f 1204//2 1206//2 1207//2
f 1183//2 1182//2 1185//2
f 1183//2 1185//2 1184//2
f 1179//6 1178//6 1189//6
f 1179//6 1189//6 1188//6
f 1199//6 1198//6 1201//6
f 1199//6 1201//6 1200//6
f 1195//2 1194//2 1205//2
f 1195//2 1205//2 1204//2
f 1191//6 1190//6 1197//6
f 1191//6 1197//6 1196//6
f 1187//2 1186//2 1193//2
f 1187//2 1193//2 1192//2
f 1208//2 1209//2 1210//2
f 1208//2 1210//2 1211//2
f 1212//6 1213//6 1214//6
f 1212//6 1214//6 1215//6
f 1216//6 1217//6 1218//6
f 1216//6 1218//6 1219//6
f 1220//2 1221//2 1222//2
f 1220//2 1222//2 1223//2
f 1224//2 1225//2 1209//2
f 1224//2 1209//2 1208//2
f 1226//6 1227//6 1213//6
f 1226//6 1213//6 1212//6
f 1215//6 1214//6 1217//6
f 1215//6 1217//6 1216//6
f 1211//2 1210//2 1221//2
f 1211//2 1221//2 1220//2
f 1207//2 1206//2 1228//2
f 1207//2 1228//2 1229//2
f 1203//6 1202//6 1230//6
f 1203//6 1230//6 901//6
f 906//328 1229//328 1228//328
f 906//328 1228//328 1230//328
f 1223//2 1222//2 1231//2
f 1223//2 1231//2 552//2
f 561//124 1232//124 1233//124
f 561//124 1233//124 1231//124
f 1234//6 1235//6 1227//6
f 1234//6 1227//6 1226//6
f 1219//6 1218//6 1233//6
f 1219//6 1233//6 1232//6
f 1236//2 1237//2 1238//2
f 1236//2 1238//2 1239//2
f 1239//2 1238//2 1225//2
f 1239//2 1225//2 1224//2
f 1240//2 1241//2 1237//2
f 1240//2 1237//2 1236//2
f 1242//6 1243//6 1244//6
f 1242//6 1244//6 1245//6
f 1245//6 1244//6 1235//6
f 1245//6 1235//6 1234//6
f 510//2 1246//2 1241//2
f 510//2 1241//2 1240//2
f 1247//6 1176//6 1177//6
f 1247//6 1177//6 1248//6
f 1247//6 1248//6 1243//6
f 1247//6 1243//6 1242//6
f 1180//2 529//2 1246//2
f 1180//2 1246//2 1181//2
f 511//2 510//2 1240//2
f 511//2 1240//2 531//2
f 531//2 1240//2 1236//2
f 531//2 1236//2 536//2
f 542//2 1239//2 1224//2
f 542//2 1224//2 551//2
f 536//2 1236//2 1239//2
f 536//2 1239//2 542//2
f 900//2 1223//2 552//2
f 900//2 552//2 553//2
f 522//6 1203//6 901//6
f 522//6 901//6 523//6
f 910//2 1211//2 1220//2
f 910//2 1220//2 911//2
f 551//2 1224//2 1208//2
f 551//2 1208//2 1000//2
f 911//2 1220//2 1223//2
f 911//2 1223//2 900//2
f 1000//2 1208//2 1211//2
f 1000//2 1211//2 910//2
f 1150//6 1191//6 1196//6
f 1150//6 1196//6 1151//6
f 1162//6 1199//6 1200//6
f 1162//6 1200//6 1163//6
f 1165//6 1179//6 1188//6
f 1165//6 1188//6 1166//6
f 1163//6 1200//6 1203//6
f 1163//6 1203//6 522//6
f 1151//6 1196//6 1199//6
f 1151//6 1199//6 1162//6
f 1166//6 1188//6 1191//6
f 1166//6 1191//6 1150//6
f 515//6 520//6 1179//6
f 515//6 1179//6 1165//6
f 1181//2 509//2 1172//2
f 1181//2 1172//2 1182//2
f 1185//2 1173//2 1144//2
f 1185//2 1144//2 1186//2
f 1193//2 1147//2 1156//2
f 1193//2 1156//2 1194//2
f 1205//2 1159//2 907//2
f 1205//2 907//2 1206//2
f 1182//2 1172//2 1173//2
f 1182//2 1173//2 1185//2
f 1194//2 1156//2 1159//2
f 1194//2 1159//2 1205//2
f 1186//2 1144//2 1147//2
f 1186//2 1147//2 1193//2
f 1213//6 982//6 979//6
f 1213//6 979//6 1214//6
f 1217//6 981//6 544//6
f 1217//6 544//6 1218//6
f 1227//6 550//6 982//6
f 1227//6 982//6 1213//6
f 1214//6 979//6 981//6
f 1214//6 981//6 1217//6
f 1206//2 907//2 902//2
f 1206//2 902//2 1228//2
f 1230//329 1228//329 902//329
f 1230//329 902//329 901//329
f 1231//124 1233//124 547//124
f 1231//124 547//124 552//124
f 1235//6 535//6 550//6
f 1235//6 550//6 1227//6
f 1218//6 544//6 547//6
f 1218//6 547//6 1233//6
f 1243//6 519//6 532//6
f 1243//6 532//6 1244//6
f 1244//6 532//6 535//6
f 1244//6 535//6 1235//6
f 1248//6 1177//6 520//6
f 1248//6 520//6 517//6
f 1248//6 517//6 519//6
f 1248//6 519//6 1243//6
f 1181//2 1246//2 510//2
f 1181//2 510//2 509//2
f 513//2 514//2 529//2
f 513//2 529//2 1180//2
f 506//6 1247//6 1242//6
f 506//6 1242//6 526//6
f 506//6 505//6 1176//6
f 506//6 1176//6 1247//6
f 527//6 1245//6 1234//6
f 527//6 1234//6 543//6
f 526//6 1242//6 1245//6
f 526//6 1245//6 527//6
f 571//6 1219//6 1232//6
f 571//6 1232//6 562//6
f 543//6 1234//6 1226//6
f 543//6 1226//6 548//6
f 560//124 562//124 1232//124
f 560//124 1232//124 561//124
f 905//330 909//330 1229//330
f 905//330 1229//330 906//330
f 908//2 1207//2 1229//2
f 908//2 1229//2 909//2
f 971//6 1215//6 1216//6
f 971//6 1216//6 972//6
f 548//6 1226//6 1212//6
f 548//6 1212//6 986//6
f 972//6 1216//6 1219//6
f 972//6 1219//6 571//6
f 986//6 1212//6 1215//6
f 986//6 1215//6 971//6
f 1141//2 1187//2 1192//2
f 1141//2 1192//2 1142//2
f 1153//2 1195//2 1204//2
f 1153//2 1204//2 1154//2
f 1174//2 1183//2 1184//2
f 1174//2 1184//2 1175//2
f 1154//2 1204//2 1207//2
f 1154//2 1207//2 908//2
f 1142//2 1192//2 1195//2
f 1142//2 1195//2 1153//2
f 1175//2 1184//2 1187//2
f 1175//2 1187//2 1141//2
f 513//2 1180//2 1183//2
f 513//2 1183//2 1174//2
f 1177//6 1176//6 1168//6
f 1177//6 1168//6 1178//6
f 1189//6 1171//6 1148//6
f 1189//6 1148//6 1190//6
f 1197//6 1149//6 1160//6
f 1197//6 1160//6 1198//6
f 1201//6 1161//6 903//6
f 1201//6 903//6 1202//6
f 1178//6 1168//6 1171//6
f 1178//6 1171//6 1189//6
f 1198//6 1160//6 1161//6
f 1198//6 1161//6 1201//6
f 1190//6 1148//6 1149//6
f 1190//6 1149//6 1197//6
f 1209//2 983//2 976//2
f 1209//2 976//2 1210//2
f 1221//2 978//2 558//2
f 1221//2 558//2 1222//2
f 1225//2 541//2 983//2
f 1225//2 983//2 1209//2
f 1210//2 976//2 978//2
f 1210//2 978//2 1221//2
f 1202//6 903//6 906//6
f 1202//6 906//6 1230//6
f 1222//2 558//2 561//2
f 1222//2 561//2 1231//2
f 1237//2 537//2 538//2
f 1237//2 538//2 1238//2
f 1238//2 538//2 541//2
f 1238//2 541//2 1225//2
f 1241//2 530//2 537//2
f 1241//2 537//2 1237//2
f 1246//2 529//2 530//2
f 1246//2 530//2 1241//2
f 1249//331 1250//331 1251//331
f 1249//331 1251//331 1252//331
f 1253//2 1254//2 1255//2
f 1255//2 1256//2 1257//2
f 1257//2 1258//2 1259//2
f 1257//2 1259//2 1260//2
f 1253//2 1255//2 1257//2
f 1251//2 1261//2 1262//2
f 1253//2 1257//2 1260//2
f 1252//2 1251//2 1262//2
f 1253//2 1260//2 1263//2
f 1264//2 1252//2 1262//2
f 1253//2 1263//2 1265//2
f 1266//2 1264//2 1262//2
f 1253//2 1265//2 1267//2
f 1268//2 1266//2 1262//2
f 1253//2 1267//2 1269//2
f 1270//2 1268//2 1262//2
f 1253//2 1269//2 1271//2
f 1272//2 1270//2 1262//2
f 1253//2 1271//2 1273//2
f 1274//2 1272//2 1262//2
f 1253//2 1273//2 1275//2
f 1276//2 1274//2 1262//2
f 1253//2 1275//2 1277//2
f 1278//2 1276//2 1262//2
f 1253//2 1277//2 1279//2
f 1280//2 1278//2 1262//2
f 1253//2 1279//2 1281//2
f 1282//2 1280//2 1262//2
f 1253//2 1281//2 1283//2
f 1284//2 1282//2 1262//2
f 1253//2 1283//2 1285//2
f 1286//2 1284//2 1262//2
f 1253//2 1285//2 1287//2
f 1288//2 1286//2 1262//2
f 1253//2 1287//2 1289//2
f 1290//2 1288//2 1262//2
f 1253//2 1289//2 1291//2
f 1292//2 1290//2 1262//2
f 1262//2 1253//2 1291//2
f 1291//2 1293//2 1294//2
f 1295//2 1296//2 1297//2
f 1291//2 1294//2 1295//2
f 1298//2 1292//2 1262//2
f 1262//2 1291//2 1295//2
f 1295//2 1297//2 1299//2
f 1299//2 1300//2 1301//2
f 1302//6 1303//6 1304//6
f 1299//2 1301//2 1302//2
f 1262//2 1295//2 1299//2
f 1305//2 1298//2 1262//2
f 1306//2 1305//2 1262//2
f 1262//2 1299//2 1302//2
f 1304//332 1307//332 1308//332
f 1262//2 1302//2 1304//2
f 1309//2 1306//2 1262//2
f 1310//2 1309//2 1262//2
f 1262//2 1304//2 1308//2
f 1308//2 1311//2 1312//2
f 1312//2 1313//2 1314//2
f 1314//2 1315//2 1316//2
f 1316//2 1317//2 1318//2
f 1318//2 1319//2 1320//2
f 1320//2 1321//2 1322//2
f 1322//2 1323//2 1324//2
f 1320//2 1322//2 1324//2
f 1316//2 1318//2 1320//2
f 1312//2 1314//2 1316//2
f 1262//2 1308//2 1312//2
f 1325//2 1310//2 1262//2
f 1326//2 1325//2 1262//2
f 1262//2 1312//2 1316//2
f 1316//2 1320//2 1324//2
f 1324//2 1326//2 1262//2
f 1316//2 1324//2 1262//2
f 1327//2 1328//2 1255//2
f 1327//2 1255//2 1254//2
f 1329//333 1330//333 1331//333
f 1329//333 1331//333 1332//333
f 1333//6 1334//6 1335//6
f 1335//6 1336//6 1337//6
f 1335//6 1337//6 1338//6
f 1339//6 1333//6 1335//6
f 1331//6 1340//6 1341//6
f 1339//6 1335//6 1338//6
f 1332//6 1331//6 1341//6
f 1339//6 1338//6 1342//6
f 1343//6 1332//6 1341//6
f 1339//6 1342//6 1344//6
f 1345//6 1343//6 1341//6
f 1339//6 1344//6 1346//6
f 1347//6 1345//6 1341//6
f 1339//6 1346//6 1348//6
f 1349//6 1347//6 1341//6
f 1339//6 1348//6 1350//6
f 1351//6 1349//6 1341//6
f 1339//6 1350//6 1352//6
f 1353//6 1351//6 1341//6
f 1339//6 1352//6 1354//6
f 1355//6 1353//6 1341//6
f 1339//6 1354//6 1356//6
f 1357//6 1355//6 1341//6
f 1339//6 1356//6 1358//6
f 1359//6 1357//6 1341//6
f 1339//6 1358//6 1360//6
f 1361//6 1359//6 1341//6
f 1339//6 1360//6 1362//6
f 1363//6 1361//6 1341//6
f 1339//6 1362//6 1364//6
f 1365//6 1363//6 1341//6
f 1339//6 1364//6 1366//6
f 1367//6 1365//6 1341//6
f 1339//6 1366//6 1368//6
f 1369//6 1367//6 1341//6
f 1339//6 1368//6 1370//6
f 1371//6 1369//6 1341//6
f 1339//6 1370//6 1372//6
f 1373//6 1371//6 1341//6
f 1339//6 1372//6 1374//6
f 1375//6 1373//6 1341//6
f 1339//6 1374//6 1376//6
f 1377//6 1375//6 1341//6
f 1339//6 1376//6 1378//6
f 1379//6 1377//6 1341//6
f 1339//6 1378//6 1380//6
f 1379//6 1341//6 1339//6
f 1381//6 1382//6 1379//6
f 1383//6 1384//6 1385//6
f 1385//6 1381//6 1379//6
f 1339//6 1380//6 1386//6
f 1385//6 1379//6 1339//6
f 1387//6 1383//6 1385//6
f 1388//6 1389//6 1387//6
f 1390//6 1388//6 1387//6
f 1387//6 1385//6 1339//6
f 1339//6 1386//6 1391//6
f 1391//6 1392//6 1393//6
f 1393//6 1394//6 1395//6
f 1395//6 1396//6 1397//6
f 1397//6 1398//6 1399//6
f 1399//6 1400//6 1401//6
f 1401//6 1402//6 1403//6
f 1403//334 1404//334 1405//334
f 1406//6 1390//6 1387//6
f 1401//6 1403//6 1405//6
f 1405//6 1406//6 1387//6
f 1339//6 1391//6 1393//6
f 1405//6 1387//6 1339//6
f 1399//6 1401//6 1405//6
f 1395//6 1397//6 1399//6
f 1339//6 1393//6 1395//6
f 1399//6 1405//6 1339//6
f 1395//6 1399//6 1339//6
f 1407//6 1408//6 1334//6
f 1407//6 1334//6 1333//6
f 1409//335 1410//335 1385//335
f 1409//335 1385//335 1384//335
f 1411//336 1412//336 1334//336
f 1411//336 1334//336 1408//336
f 1339//337 1262//337 1261//337
f 1339//337 1261//337 1333//337
f 1253//338 1341//338 1340//338
f 1253//338 1340//338 1254//338
f 1341//339 1253//339 1262//339
f 1341//339 1262//339 1339//339
f 1327//340 1254//340 1340//340
f 1327//340 1340//340 1413//340
f 1414//341 1415//341 1361//341
f 1414//341 1361//341 1363//341
f 1416//341 1417//341 1369//341
f 1416//341 1369//341 1371//341
f 1418//341 1419//341 1365//341
f 1418//341 1365//341 1367//341
f 1420//342 1421//342 1377//342
f 1420//342 1377//342 1379//342
f 1422//343 1423//343 1382//343
f 1422//343 1382//343 1381//343
f 1424//341 1425//341 1373//341
f 1424//341 1373//341 1375//341
f 1417//341 1418//341 1367//341
f 1417//341 1367//341 1369//341
f 1419//341 1414//341 1363//341
f 1419//341 1363//341 1365//341
f 1410//344 1422//344 1381//344
f 1410//344 1381//344 1385//344
f 1426//341 1427//341 1353//341
f 1426//341 1353//341 1355//341
f 1428//341 1429//341 1357//341
f 1428//341 1357//341 1359//341
f 1415//341 1428//341 1359//341
f 1415//341 1359//341 1361//341
f 1273//341 1271//341 1430//341
f 1273//341 1430//341 1431//341
f 1271//341 1269//341 1432//341
f 1271//341 1432//341 1430//341
f 1267//341 1265//341 1433//341
f 1267//341 1433//341 1434//341
f 1295//344 1294//344 1435//344
f 1295//344 1435//344 1436//344
f 1277//341 1275//341 1437//341
f 1277//341 1437//341 1438//341
f 1281//341 1279//341 1439//341
f 1281//341 1439//341 1440//341
f 1287//341 1285//341 1441//341
f 1287//341 1441//341 1442//341
f 1294//343 1293//343 1443//343
f 1294//343 1443//343 1435//343
f 1291//342 1289//342 1444//342
f 1291//342 1444//342 1445//342
f 1279//341 1277//341 1438//341
f 1279//341 1438//341 1439//341
f 1283//341 1281//341 1440//341
f 1283//341 1440//341 1446//341
f 1275//341 1273//341 1431//341
f 1275//341 1431//341 1437//341
f 1447//336 1251//336 1250//336
f 1447//336 1250//336 1448//336
f 1296//335 1295//335 1436//335
f 1296//335 1436//335 1449//335
f 1256//333 1255//333 1450//333
f 1256//333 1450//333 1451//333
f 1452//331 1412//331 1250//331
f 1452//331 1250//331 1249//331
f 1269//341 1267//341 1434//341
f 1269//341 1434//341 1432//341
f 1429//341 1426//341 1355//341
f 1429//341 1355//341 1357//341
f 1260//341 1259//341 1453//341
f 1260//341 1453//341 1454//341
f 1455//341 1456//341 1347//341
f 1455//341 1347//341 1349//341
f 1427//341 1457//341 1351//341
f 1427//341 1351//341 1353//341
f 1265//341 1263//341 1458//341
f 1265//341 1458//341 1433//341
f 1293//345 1291//345 1445//345
f 1293//345 1445//345 1443//345
f 1423//345 1420//345 1379//345
f 1423//345 1379//345 1382//345
f 1289//341 1287//341 1442//341
f 1289//341 1442//341 1444//341
f 1421//341 1424//341 1375//341
f 1421//341 1375//341 1377//341
f 1285//341 1283//341 1446//341
f 1285//341 1446//341 1441//341
f 1425//341 1416//341 1371//341
f 1425//341 1371//341 1373//341
f 1258//346 1257//346 1459//346
f 1258//346 1459//346 1460//346
f 1461//346 1462//346 1343//346
f 1461//346 1343//346 1345//346
f 1257//347 1256//347 1451//347
f 1257//347 1451//347 1459//347
f 1462//347 1329//347 1332//347
f 1462//347 1332//347 1343//347
f 1456//341 1461//341 1345//341
f 1456//341 1345//341 1347//341
f 1259//341 1258//341 1460//341
f 1259//341 1460//341 1453//341
f 1457//341 1455//341 1349//341
f 1457//341 1349//341 1351//341
f 1263//341 1260//341 1454//341
f 1263//341 1454//341 1458//341
f 1307//340 1304//340 1463//340
f 1307//340 1463//340 1464//340
f 1465//340 1466//340 1405//340
f 1465//340 1405//340 1404//340
f 1301//340 1300//340 1467//340
f 1301//340 1467//340 1468//340
f 1469//340 1470//340 1389//340
f 1469//340 1389//340 1388//340
f 1471//340 1472//340 1390//340
f 1471//340 1390//340 1406//340
f 1303//340 1302//340 1473//340
f 1303//340 1473//340 1474//340
f 1299//348 1297//348 1475//348
f 1299//348 1475//348 1476//348
f 1477//348 1478//348 1383//348
f 1477//348 1383//348 1387//348
f 1297//349 1296//349 1449//349
f 1297//349 1449//349 1475//349
f 1478//349 1409//349 1384//349
f 1478//349 1384//349 1383//349
f 1470//350 1477//350 1387//350
f 1470//350 1387//350 1389//350
f 1300//350 1299//350 1476//350
f 1300//350 1476//350 1467//350
f 1472//340 1469//340 1388//340
f 1472//340 1388//340 1390//340
f 1302//340 1301//340 1468//340
f 1302//340 1468//340 1473//340
f 1304//340 1303//340 1474//340
f 1304//340 1474//340 1463//340
f 1466//340 1471//340 1406//340
f 1466//340 1406//340 1405//340
f 1479//351 1480//351 1401//351
f 1479//351 1401//351 1400//351
f 1313//351 1312//351 1481//351
f 1313//351 1481//351 1482//351
f 1483//352 1484//352 1403//352
f 1483//353 1403//353 1402//353
f 1311//353 1308//353 1485//353
f 1311//353 1485//353 1486//353
f 1312//354 1311//354 1486//354
f 1312//354 1486//354 1481//354
f 1480//354 1483//354 1402//354
f 1480//354 1402//354 1401//354
f 1484//340 1465//340 1404//340
f 1484//340 1404//340 1403//340
f 1308//340 1307//340 1464//340
f 1308//340 1464//340 1485//340
f 1315//355 1314//355 1487//355
f 1315//355 1487//355 1488//355
f 1489//355 1490//355 1399//355
f 1489//355 1399//355 1398//355
f 1314//356 1313//356 1482//356
f 1314//356 1482//356 1487//356
f 1490//356 1479//356 1400//356
f 1490//356 1400//356 1399//356
f 1491//357 1489//357 1398//357
f 1491//357 1398//357 1397//357
f 1316//357 1315//357 1488//357
f 1316//357 1488//357 1492//357
f 1493//358 1494//358 1495//358
f 1493//358 1495//358 1496//358
f 1496//358 1495//358 1292//358
f 1496//358 1292//358 1298//358
f 1497//359 1498//359 1324//359
f 1497//359 1324//359 1323//359
f 1499//359 1500//359 1498//359
f 1499//359 1498//359 1497//359
f 1501//358 1502//358 1309//358
f 1501//358 1309//358 1310//358
f 1503//358 1504//358 1502//358
f 1503//358 1502//358 1501//358
f 1505//358 1506//358 1507//358
f 1505//358 1507//358 1508//358
f 1508//358 1507//358 1325//358
f 1508//358 1325//358 1326//358
f 1509//358 1510//358 1305//358
f 1509//358 1305//358 1306//358
f 1511//358 1512//358 1510//358
f 1511//358 1510//358 1509//358
f 1513//360 1514//360 1515//360
f 1513//360 1515//360 1516//360
f 1516//360 1515//360 1320//360
f 1516//360 1320//360 1319//360
f 1517//361 1518//361 1519//361
f 1517//361 1519//361 1520//361
f 1520//361 1519//361 1322//361
f 1520//361 1322//361 1321//361
f 1521//362 1522//362 1318//362
f 1521//362 1318//362 1317//362
f 1523//362 1524//362 1522//362
f 1523//362 1522//362 1521//362
f 1491//363 1523//363 1521//363
f 1491//364 1521//364 1492//364
f 1492//363 1521//363 1317//363
f 1492//364 1317//364 1316//364
f 1522//365 1516//365 1319//365
f 1522//365 1319//365 1318//365
f 1524//365 1513//365 1516//365
f 1524//365 1516//365 1522//365
f 1515//366 1520//366 1321//366
f 1515//366 1321//366 1320//366
f 1514//366 1517//366 1520//366
f 1514//366 1520//366 1515//366
f 1518//361 1499//361 1497//361
f 1518//361 1497//361 1519//361
f 1519//361 1497//361 1323//361
f 1519//361 1323//361 1322//361
f 1498//358 1508//358 1326//358
f 1498//358 1326//358 1324//358
f 1500//358 1505//358 1508//358
f 1500//358 1508//358 1498//358
f 1506//358 1503//358 1501//358
f 1506//358 1501//358 1507//358
f 1507//358 1501//358 1310//358
f 1507//358 1310//358 1325//358
f 1504//358 1511//358 1509//358
f 1504//358 1509//358 1502//358
f 1502//358 1509//358 1306//358
f 1502//358 1306//358 1309//358
f 1510//358 1496//358 1298//358
f 1510//358 1298//358 1305//358
f 1512//358 1493//358 1496//358
f 1512//358 1496//358 1510//358
f 1525//358 1526//358 1527//358
f 1525//358 1527//358 1528//358
f 1528//358 1527//358 1276//358
f 1528//358 1276//358 1278//358
f 1529//358 1530//358 1531//358
f 1529//358 1531//358 1532//358
f 1532//358 1531//358 1268//358
f 1532//358 1268//358 1270//358
f 1533//358 1534//358 1272//358
f 1533//358 1272//358 1274//358
f 1535//358 1536//358 1534//358
f 1535//358 1534//358 1533//358
f 1346//358 1344//358 1536//358
f 1346//358 1536//358 1535//358
f 1342//358 1338//358 1530//358
f 1342//358 1530//358 1529//358
f 1350//358 1348//358 1526//358
f 1350//358 1526//358 1525//358
f 1368//358 1366//358 1493//358
f 1368//358 1493//358 1512//358
f 1372//358 1370//358 1511//358
f 1372//358 1511//358 1504//358
f 1376//358 1374//358 1503//358
f 1376//358 1503//358 1506//358
f 1380//358 1378//358 1505//358
f 1380//358 1505//358 1500//358
f 1391//361 1386//361 1499//361
f 1391//361 1499//361 1518//361
f 1393//366 1392//366 1517//366
f 1393//366 1517//366 1514//366
f 1395//365 1394//365 1513//365
f 1395//365 1513//365 1524//365
f 1397//363 1396//363 1523//363
f 1397//364 1523//364 1491//364
f 1396//362 1395//362 1524//362
f 1396//362 1524//362 1523//362
f 1392//361 1391//361 1518//361
f 1392//361 1518//361 1517//361
f 1394//360 1393//360 1514//360
f 1394//360 1514//360 1513//360
f 1370//358 1368//358 1512//358
f 1370//358 1512//358 1511//358
f 1378//358 1376//358 1506//358
f 1378//358 1506//358 1505//358
f 1374//358 1372//358 1504//358
f 1374//358 1504//358 1503//358
f 1386//359 1380//359 1500//359
f 1386//359 1500//359 1499//359
f 1366//358 1364//358 1494//358
f 1366//358 1494//358 1493//358
f 1492//357 1488//357 1489//357
f 1492//357 1489//357 1491//357
f 1487//356 1482//356 1479//356
f 1487//356 1479//356 1490//356
f 1488//355 1487//355 1490//355
f 1488//355 1490//355 1489//355
f 1485//340 1464//340 1465//340
f 1485//340 1465//340 1484//340
f 1481//354 1486//354 1483//354
f 1481//354 1483//354 1480//354
f 1486//353 1485//353 1484//353
f 1486//353 1484//353 1483//353
f 1482//351 1481//351 1480//351
f 1482//351 1480//351 1479//351
f 1463//340 1474//340 1471//340
f 1463//340 1471//340 1466//340
f 1473//340 1468//340 1469//340
f 1473//340 1469//340 1472//340
f 1467//350 1476//350 1477//350
f 1467//350 1477//350 1470//350
f 1475//349 1449//349 1409//349
f 1475//349 1409//349 1478//349
f 1476//348 1475//348 1478//348
f 1476//348 1478//348 1477//348
f 1474//340 1473//340 1472//340
f 1474//340 1472//340 1471//340
f 1468//340 1467//340 1470//340
f 1468//340 1470//340 1469//340
f 1464//340 1463//340 1466//340
f 1464//340 1466//340 1465//340
f 1458//341 1454//341 1455//341
f 1458//341 1455//341 1457//341
f 1453//341 1460//341 1461//341
f 1453//341 1461//341 1456//341
f 1459//347 1451//347 1329//347
f 1459//347 1329//347 1462//347
f 1460//346 1459//346 1462//346
f 1460//346 1462//346 1461//346
f 1441//341 1446//341 1416//341
f 1441//341 1416//341 1425//341
f 1444//341 1442//341 1424//341
f 1444//341 1424//341 1421//341
f 1443//345 1445//345 1420//345
f 1443//345 1420//345 1423//345
f 1433//341 1458//341 1457//341
f 1433//341 1457//341 1427//341
f 1454//341 1453//341 1456//341
f 1454//341 1456//341 1455//341
f 1432//341 1434//341 1426//341
f 1432//341 1426//341 1429//341
f 1335//331 1334//331 1412//331
f 1335//331 1412//331 1452//331
f 1431//341 1430//341 1428//341
f 1431//341 1428//341 1415//341
f 1430//341 1432//341 1429//341
f 1430//341 1429//341 1428//341
f 1434//341 1433//341 1427//341
f 1434//341 1427//341 1426//341
f 1436//344 1435//344 1422//344
f 1436//344 1422//344 1410//344
f 1438//341 1437//341 1414//341
f 1438//341 1414//341 1419//341
f 1440//341 1439//341 1418//341
f 1440//341 1418//341 1417//341
f 1442//341 1441//341 1425//341
f 1442//341 1425//341 1424//341
f 1435//343 1443//343 1423//343
f 1435//343 1423//343 1422//343
f 1445//342 1444//342 1421//342
f 1445//342 1421//342 1420//342
f 1439//341 1438//341 1419//341
f 1439//341 1419//341 1418//341
f 1446//341 1440//341 1417//341
f 1446//341 1417//341 1416//341
f 1437//341 1431//341 1415//341
f 1437//341 1415//341 1414//341
f 1448//336 1250//336 1412//336
f 1448//336 1412//336 1411//336
f 1449//335 1436//335 1410//335
f 1449//335 1410//335 1409//335
f 1451//333 1450//333 1330//333
f 1451//333 1330//333 1329//333
f 1344//358 1342//358 1529//358
f 1344//358 1529//358 1536//358
f 1534//358 1532//358 1270//358
f 1534//358 1270//358 1272//358
f 1536//358 1529//358 1532//358
f 1536//358 1532//358 1534//358
f 1348//358 1346//358 1535//358
f 1348//358 1535//358 1526//358
f 1526//358 1535//358 1533//358
f 1526//358 1533//358 1527//358
f 1527//358 1533//358 1274//358
f 1527//358 1274//358 1276//358
f 1358//358 1356//358 1537//358
f 1358//358 1537//358 1538//358
f 1539//358 1540//358 1284//358
f 1539//358 1284//358 1286//358
f 1538//358 1537//358 1540//358
f 1538//358 1540//358 1539//358
f 1354//358 1352//358 1541//358
f 1354//358 1541//358 1542//358
f 1543//358 1544//358 1280//358
f 1543//358 1280//358 1282//358
f 1542//358 1541//358 1544//358
f 1542//358 1544//358 1543//358
f 1537//358 1542//358 1543//358
f 1537//358 1543//358 1540//358
f 1540//358 1543//358 1282//358
f 1540//358 1282//358 1284//358
f 1356//358 1354//358 1542//358
f 1356//358 1542//358 1537//358
f 1352//358 1350//358 1525//358
f 1352//358 1525//358 1541//358
f 1544//358 1528//358 1278//358
f 1544//358 1278//358 1280//358
f 1541//358 1525//358 1528//358
f 1541//358 1528//358 1544//358
f 1545//358 1546//358 1547//358
f 1545//358 1547//358 1548//358
f 1548//358 1547//358 1288//358
f 1548//358 1288//358 1290//358
f 1362//358 1360//358 1546//358
f 1362//358 1546//358 1545//358
f 1546//358 1538//358 1539//358
f 1546//358 1539//358 1547//358
f 1547//358 1539//358 1286//358
f 1547//358 1286//358 1288//358
f 1360//358 1358//358 1538//358
f 1360//358 1538//358 1546//358
f 1364//358 1362//358 1545//358
f 1364//358 1545//358 1494//358
f 1495//358 1548//358 1290//358
f 1495//358 1290//358 1292//358
f 1494//358 1545//358 1548//358
f 1494//358 1548//358 1495//358
f 1337//367 1336//367 1549//367
f 1337//367 1549//367 1550//367
f 1550//367 1549//367 1551//367
f 1550//367 1551//367 1552//367
f 1552//367 1551//367 1264//367
f 1552//367 1264//367 1266//367
f 1531//368 1552//368 1266//368
f 1531//368 1266//368 1268//368
f 1530//368 1550//368 1552//368
f 1530//368 1552//368 1531//368
f 1338//368 1337//368 1550//368
f 1338//368 1550//368 1530//368
f 1336//369 1335//369 1452//369
f 1336//369 1452//369 1549//369
f 1549//369 1452//369 1249//369
f 1549//369 1249//369 1551//369
f 1551//369 1249//369 1252//369
f 1551//369 1252//369 1264//369
f 1553//339 1554//339 1555//339
f 1553//339 1555//339 1556//339
f 1557//339 1558//339 1554//339
f 1557//339 1554//339 1553//339
f 1559//340 1560//340 1561//340
f 1559//340 1561//340 1562//340
f 1556//339 1555//339 1563//339
f 1556//339 1563//339 1564//339
f 1565//6 1564//6 1563//6
f 1565//6 1563//6 1561//6
f 1559//2 1566//2 1558//2
f 1559//2 1558//2 1560//2
f 1567//2 1568//2 1569//2
f 1567//2 1569//2 1570//2
f 1567//340 1570//340 1571//340
f 1567//340 1571//340 1572//340
f 1573//370 1574//370 1575//370
f 1573//370 1575//370 1576//370
f 1577//339 1569//339 1574//339
f 1577//371 1574//371 1573//371
f 1576//372 1575//372 1578//372
f 1576//339 1578//339 1579//339
f 1580//6 1579//6 1578//6
f 1580//6 1578//6 1571//6
f 1562//6 1581//6 1582//6
f 1562//6 1582//6 1583//6
f 1584//339 1585//339 1582//339
f 1584//339 1582//339 1581//339
f 1566//339 1586//339 1587//339
f 1566//339 1587//339 1588//339
f 1588//339 1587//339 1585//339
f 1588//339 1585//339 1584//339
f 1589//2 1577//2 1586//2
f 1589//2 1586//2 1590//2
f 1589//373 1590//373 1583//373
f 1589//374 1583//374 1580//374
f 1591//340 1592//340 1593//340
f 1591//340 1593//340 1407//340
f 1591//2 1447//2 1594//2
f 1591//2 1594//2 1592//2
f 1595//375 1596//375 1597//375
f 1595//376 1597//376 1598//376
f 1568//375 1594//375 1596//375
f 1568//376 1596//376 1595//376
f 1598//375 1597//375 1599//375
f 1598//376 1599//376 1600//376
f 1572//6 1600//6 1599//6
f 1572//6 1599//6 1593//6
f 1571//6 1578//6 1600//6
f 1571//6 1600//6 1572//6
f 1575//377 1598//377 1600//377
f 1575//378 1600//378 1578//378
f 1569//377 1568//377 1595//377
f 1569//377 1595//377 1574//377
f 1574//377 1595//377 1598//377
f 1574//377 1598//377 1575//377
f 1592//340 1567//340 1572//340
f 1592//340 1572//340 1593//340
f 1592//2 1594//2 1568//2
f 1592//2 1568//2 1567//2
f 1261//2 1251//2 1447//2
f 1261//2 1447//2 1591//2
f 1261//340 1591//340 1407//340
f 1261//340 1407//340 1333//340
f 1596//379 1448//379 1411//379
f 1596//379 1411//379 1597//379
f 1594//379 1447//379 1448//379
f 1594//379 1448//379 1596//379
f 1597//379 1411//379 1408//379
f 1597//379 1408//379 1599//379
f 1593//6 1599//6 1408//6
f 1593//6 1408//6 1407//6
f 1570//380 1589//380 1580//380
f 1570//340 1580//340 1571//340
f 1570//2 1569//2 1577//2
f 1570//2 1577//2 1589//2
f 1583//6 1582//6 1579//6
f 1583//6 1579//6 1580//6
f 1585//339 1576//339 1579//339
f 1585//339 1579//339 1582//339
f 1586//381 1577//381 1573//381
f 1586//339 1573//339 1587//339
f 1587//339 1573//339 1576//339
f 1587//339 1576//339 1585//339
f 1554//339 1588//339 1584//339
f 1554//339 1584//339 1555//339
f 1558//339 1566//339 1588//339
f 1558//339 1588//339 1554//339
f 1555//339 1584//339 1581//339
f 1555//339 1581//339 1563//339
f 1561//6 1563//6 1581//6
f 1561//6 1581//6 1562//6
f 1590//2 1586//2 1566//2
f 1590//2 1566//2 1559//2
f 1590//340 1559//340 1562//340
f 1590//340 1562//340 1583//340
f 1601//6 1602//6 1603//6
f 1601//6 1603//6 1604//6
f 1605//382 1606//382 1603//382
f 1605//382 1603//382 1602//382
f 1607//382 1608//382 1609//382
f 1607//382 1609//382 1610//382
f 1610//382 1609//382 1606//382
f 1610//382 1606//382 1605//382
f 1611//340 1612//340 1604//340
f 1611//340 1604//340 1613//340
f 1611//2 1614//2 1608//2
f 1611//2 1608//2 1612//2
f 1615//2 1557//2 1616//2
f 1615//2 1616//2 1617//2
f 1615//340 1617//340 1618//340
f 1615//340 1618//340 1565//340
f 1613//6 1619//6 1620//6
f 1613//6 1620//6 1618//6
f 1621//339 1622//339 1620//339
f 1621//339 1620//339 1619//339
f 1614//339 1616//339 1623//339
f 1614//339 1623//339 1624//339
f 1624//339 1623//339 1622//339
f 1624//339 1622//339 1621//339
f 1609//339 1624//339 1621//339
f 1609//339 1621//339 1606//339
f 1608//339 1614//339 1624//339
f 1608//339 1624//339 1609//339
f 1606//339 1621//339 1619//339
f 1606//339 1619//339 1603//339
f 1604//6 1603//6 1619//6
f 1604//6 1619//6 1613//6
f 1617//2 1616//2 1614//2
f 1617//2 1614//2 1611//2
f 1617//340 1611//340 1613//340
f 1617//340 1613//340 1618//340
f 1560//340 1615//340 1565//340
f 1560//340 1565//340 1561//340
f 1560//2 1558//2 1557//2
f 1560//2 1557//2 1615//2
f 1618//6 1620//6 1564//6
f 1618//6 1564//6 1565//6
f 1622//339 1556//339 1564//339
f 1622//339 1564//339 1620//339
f 1616//339 1557//339 1553//339
f 1616//339 1553//339 1623//339
f 1623//339 1553//339 1556//339
f 1623//339 1556//339 1622//339
f 1625//383 1626//383 1627//383
f 1625//383 1627//383 1628//383
f 1328//383 1629//383 1626//383
f 1328//383 1626//383 1625//383
f 1628//383 1627//383 1630//383
f 1628//383 1630//383 1631//383
f 1413//6 1631//6 1630//6
f 1413//6 1630//6 1632//6
f 1633//340 1634//340 1632//340
f 1633//340 1632//340 1601//340
f 1633//2 1607//2 1629//2
f 1633//2 1629//2 1634//2
f 1612//2 1608//2 1607//2
f 1612//2 1607//2 1633//2
f 1612//340 1633//340 1601//340
f 1612//340 1601//340 1604//340
f 1626//384 1610//384 1605//384
f 1626//384 1605//384 1627//384
f 1629//384 1607//384 1610//384
f 1629//384 1610//384 1626//384
f 1627//384 1605//384 1602//384
f 1627//384 1602//384 1630//384
f 1632//6 1630//6 1602//6
f 1632//6 1602//6 1601//6
f 1340//6 1331//6 1631//6
f 1340//6 1631//6 1413//6
f 1330//385 1628//385 1631//385
f 1330//385 1631//385 1331//385
f 1255//385 1328//385 1625//385
f 1255//385 1625//385 1450//385
f 1450//385 1625//385 1628//385
f 1450//385 1628//385 1330//385
f 1634//340 1327//340 1413//340
f 1634//340 1413//340 1632//340
f 1634//2 1629//2 1328//2
f 1634//2 1328//2 1327//2
